Source_Name,CLASS1,DEJ2000,Energy_Flux100,Flux1000,GLAT,GLON,LP_Flux_Density,LP_Index,LP_beta,PLEC_Exp_Index,PLEC_Expfactor,PLEC_Flux_Density,PLEC_Index,PL_Flux_Density,PL_Index,Peak_Interval,Pivot_Energy,RAJ2000,SpectrumType,Energy_Flux100_PLEC,PLEC_F1000,PLEC_F10000
4FGL J0002.8+6217 ,PSR  ,62.2905,1.772054e-11,2.5453861e-09,-0.051036116,117.32041,1.9700764e-12,2.3173692,0.44354206,0.6666667,0.013249383,1.931218e-12,1.115103,1.3926129e-12,2.4565814,31560000.0,1361.6934,0.7201,PLSuperExpCutoff ,3.480385396246349e-12,4.997984776226085e-10,9.357269763422437e-13
4FGL J0007.0+7303 ,PSR  ,73.0512,4.2970577e-10,6.662928e-08,10.46168,119.66263,3.5982307e-11,1.8553023,0.2808079,0.5659473,0.020462736,3.4777688e-11,1.0683751,2.5782591e-11,2.0276394,31560000.0,1472.99,1.768,PLSuperExpCutoff ,1.206224195998689e-10,1.869880958097282e-08,3.952179605984168e-10
4FGL J0023.4+0920 ,PSR  ,9.3475,7.552931e-12,1.2196342e-09,-52.896538,111.42019,1.8263984e-12,1.885574,0.4628027,0.6666667,0.015050402,1.7574453e-12,0.8434018,1.2896352e-12,2.2666276,31560000.0,972.79254,5.8513,PLSuperExpCutoff ,1.72368145269957e-12,2.7826952703283437e-10,4.484333340499705e-13
4FGL J0030.4+0451 ,PSR  ,4.8592,5.950211e-11,1.0042197e-08,-57.6126,113.13404,1.5346772e-11,1.7822301,0.43905497,0.6666667,0.01442661,1.4648872e-11,0.7914668,1.068125e-11,2.0833719,31560000.0,929.79175,7.6107,PLSuperExpCutoff ,1.5056812137668867e-11,2.5405716554618547e-09,5.702190540070509e-12
4FGL J0034.3-0534 ,PSR  ,-5.5809,2.0708501e-11,2.7084632e-09,-68.07345,111.5037,7.140433e-12,1.9895703,0.23326264,0.6666667,0.008063282,6.8145324e-12,1.4976068,5.746983e-12,2.2081563,31560000.0,732.13995,8.5961,PLSuperExpCutoff ,1.0758354083784376e-11,1.4067796459196616e-09,9.245029844177324e-12
4FGL J0101.1-6422 ,PSR  ,-64.3683,1.2872772e-11,2.0585713e-09,-52.72691,301.18915,3.419075e-12,1.8125057,0.40240517,0.6666667,0.012693039,3.2420724e-12,0.9735408,2.505821e-12,2.1639647,31560000.0,897.70087,15.2997,PLSuperExpCutoff ,3.9513799674993694e-12,6.317489059940939e-10,1.9165794852327537e-12
4FGL J0102.8+4839 ,PSR  ,48.6591,1.5123076e-11,2.196683e-09,-14.169549,124.87597,1.463576e-12,2.0015755,0.26372576,0.6666667,0.0066473484,1.4106906e-12,1.379326,1.1250732e-12,2.185403,31560000.0,1361.6791,15.7137,PLSuperExpCutoff ,6.68398993649407e-12,9.706885512432258e-10,1.4096073465429323e-11
4FGL J0106.4+4855 ,PSR  ,48.9269,1.9466973e-11,3.503753e-09,-13.870953,125.46872,1.7782709e-12,1.758646,0.45942262,0.6666667,0.011059564,1.7120215e-12,0.6886291,1.249285e-12,2.1033342,31560000.0,1558.8627,16.6094,PLSuperExpCutoff ,4.4015838578471374e-12,7.920887547785003e-10,7.546552883079881e-12
4FGL J0205.7+6449 ,PSR  ,64.8239,6.652404e-11,5.9924568e-09,3.082402,130.72845,1.1346612e-11,2.4255862,0.1535437,0.6666667,0.0053172475,1.1074857e-11,2.0242822,9.609359e-12,2.4730215,31560000.0,934.43555,31.4273,PLSuperExpCutoff ,4.002239731516273e-11,3.604585143568603e-09,2.5349447409932603e-11
4FGL J0218.1+4232 ,PSR  ,42.5459,4.8050758e-11,5.114442e-09,-17.517557,139.51102,1.2682882e-11,2.2444932,0.17976129,0.6666667,0.006544329,1.24072315e-11,1.8072412,1.0677747e-11,2.360417,31560000.0,802.2448,34.5344,PLSuperExpCutoff ,2.731274388007858e-11,2.9065349637047046e-09,1.9079389042181177e-11
4FGL J0248.4+6021 ,PSR  ,60.3663,2.96288e-11,3.6878174e-09,0.7087233,136.91101,3.2111583e-12,2.5485175,0.54173076,0.6666667,0.016374351,3.1416922e-12,1.126368,2.2529457e-12,2.648938,31560000.0,1340.3091,42.1027,PLSuperExpCutoff ,4.048623493924247e-12,5.037737485621687e-10,2.849938999238236e-13
4FGL J0248.6+4230 ,PSR  ,42.5,1.8617545e-12,3.8466996e-10,-15.319082,144.89713,1.381966e-13,2.193083,0.7683757,0.6666667,0.019329358,1.3607412e-13,0.014756368,7.7696916e-14,2.2556796,31560000.0,1961.1267,42.1544,PLSuperExpCutoff ,9.010195098010727e-14,1.861346993376844e-11,2.9882039581083097e-14
4FGL J0251.0+2605 ,PSR  ,26.0936,4.48494e-12,8.647293e-10,-29.494312,153.88417,6.4965123e-13,1.9188694,0.6527613,0.6666667,0.018644534,6.259689e-13,0.2884902,3.9887245e-13,2.252718,31560000.0,1361.326,42.7587,PLSuperExpCutoff ,4.541753487274154e-13,8.75502136645554e-11,1.0817349246543679e-13
4FGL J0307.8+7443 ,PSR  ,74.7167,1.5987224e-11,3.0261909e-09,14.219043,131.70383,1.743395e-12,2.1108935,0.61698794,0.6666667,0.017789962,1.7078398e-12,0.37587035,1.0522589e-12,2.2279823,31560000.0,1549.3335,46.9724,PLSuperExpCutoff ,1.4768927668916602e-12,2.7949983668885084e-10,3.997059573970722e-13
4FGL J0318.2+0254 ,PSR  ,2.9073,6.264979e-12,1.1764005e-09,-43.58662,178.4356,5.828013e-13,2.0530393,0.5628072,0.6666667,0.01531665,5.6954886e-13,0.49036342,3.6502366e-13,2.178003,31560000.0,1645.288,49.5675,PLSuperExpCutoff ,7.41161518551129e-13,1.3914445699140381e-10,3.961524855876888e-13
4FGL J0340.3+4130 ,PSR  ,41.5091,1.937911e-11,3.4226055e-09,-11.023723,153.78671,1.5441509e-12,1.6878264,0.43216693,0.6666667,0.009816057,1.4678701e-12,0.69295424,1.0480319e-12,2.0241585,31560000.0,1637.1621,55.099,PLSuperExpCutoff ,4.956945905868527e-12,8.753329705939754e-10,1.3179076057263993e-11
4FGL J0357.8+3204 ,PSR  ,32.0833,6.5982976e-11,9.044043e-09,-16.015846,162.75955,3.3748487e-11,1.9914098,0.5775356,0.6666667,0.024927543,3.2322856e-11,0.54627913,2.1511903e-11,2.2984257,31560000.0,719.14703,59.4605,PLSuperExpCutoff ,8.923219430852172e-12,1.2226338667431594e-09,9.247236178715802e-14
4FGL J0359.4+5414 ,PSR  ,54.2482,2.0012879e-11,3.1587366e-09,0.88509154,148.23413,1.3645791e-12,2.3705428,0.4645392,0.6666667,0.012768696,1.3502422e-12,0.99330705,8.97331e-13,2.376884,31560000.0,1744.8643,59.8638,PLSuperExpCutoff ,3.1452145586638783e-12,4.963115005246767e-10,1.409098543984417e-12
4FGL J0405.9+3041c,psr  ,30.6925,2.3658517e-12,1.8126378e-10,-15.846429,165.06317,6.323283e-14,2.393087,0.011593146,0.6666667,-0.0003238589,5.861643e-14,2.4478385,6.0936485e-14,2.3872507,31560000.0,1811.7905,61.49,PowerLaw         ,2.548208938860598e-12,1.8388964907605605e-10,8.395229742946027e-12
4FGL J0437.2-4715 ,PSR  ,-47.2545,1.730167e-11,2.0834878e-09,-41.965046,253.39726,1.131979e-11,2.0129018,0.51878583,0.6666667,0.024136217,1.0905617e-11,0.7423348,7.894922e-12,2.3479702,31560000.0,624.4684,69.3136,PLSuperExpCutoff ,2.9671387607058847e-12,3.5717595095645504e-10,2.4406164157956055e-14
4FGL J0514.6-4408 ,PSR  ,-44.1358,5.3376886e-12,5.477964e-10,-35.409126,249.49991,3.9235004e-12,2.1680644,0.7759534,0.6666667,0.03883302,3.805935e-12,0.119109966,2.462567e-12,2.5433018,31560000.0,638.39233,78.6547,PLSuperExpCutoff ,2.9994511501379603e-13,3.076710329355125e-11,3.299336991116833e-17
4FGL J0533.8+6800 ,PSR  ,68.0011,9.17246e-12,1.5483745e-09,18.186531,144.7663,7.9471575e-13,1.8175378,0.37311313,0.6666667,0.009047479,7.6553596e-13,0.9334017,5.672408e-13,2.0926955,31560000.0,1536.4979,83.471,PLSuperExpCutoff ,2.7500734845243355e-12,4.6415206743516507e-10,6.051823355068388e-12
4FGL J0534.5+2200 ,PSR  ,22.0149,1.4272543e-09,1.553893e-07,-5.7813134,184.55891,7.324679e-11,2.258142,0.20930755,0.6666667,0.0044346536,7.77322e-11,1.8832934,6.722231e-11,2.3332813,31560000.0,1572.7673,83.6367,PLSuperExpCutoff ,7.835830482077271e-10,8.527599806241138e-08,1.1570475786746745e-09
4FGL J0540.3-6920 ,PSR  ,-69.3383,2.7521591e-11,2.4072837e-09,-31.500132,279.72293,3.6987934e-12,2.4947932,0.15297782,0.6666667,0.005372873,3.6482926e-12,2.0464919,2.9593927e-12,2.4736817,31560000.0,1022.285,85.0887,PLSuperExpCutoff ,1.5955823791344258e-11,1.395406253925557e-09,9.164440639074529e-12
4FGL J0554.1+3107 ,PSR  ,31.1176,1.8787348e-11,3.1326264e-09,2.711548,179.07896,2.628897e-12,2.239412,0.567795,0.6666667,0.018414734,2.5865096e-12,0.6164675,1.6500117e-12,2.3308828,31560000.0,1324.1725,88.548,PLSuperExpCutoff ,2.0396328074792587e-12,3.400020200777056e-10,2.446506257986602e-13
4FGL J0605.1+3757 ,PSR  ,37.9592,6.462726e-12,1.339948e-09,8.027447,174.19714,5.1830794e-13,2.1045423,0.7710044,0.6666667,0.019080332,5.022194e-13,0.0011330115,2.845695e-13,2.170948,31560000.0,1904.3666,91.282,PLSuperExpCutoff ,3.4462369143340407e-13,7.144094524141544e-11,1.285465670712362e-13
4FGL J0610.2-2100 ,PSR  ,-21.0006,6.7963274e-12,1.1737676e-09,-18.179985,227.73994,1.1771355e-12,1.9877857,0.5081385,0.6666667,0.01600286,1.1361144e-12,0.6714802,7.6302934e-13,2.220688,31560000.0,1182.0577,92.5576,PLSuperExpCutoff ,1.1359474750156084e-12,1.9613984411189618e-10,3.085859249465802e-13
4FGL J0613.7-0201 ,PSR  ,-2.0217,3.7867792e-11,5.405895e-09,-9.305033,210.42276,7.30226e-12,2.0174437,0.28917626,0.6666667,0.009133418,7.0213206e-12,1.323769,5.5340103e-12,2.2194674,31560000.0,1000.8377,93.4375,PLSuperExpCutoff ,1.518623725677364e-11,2.1674717685925844e-09,1.3106295639515634e-11
4FGL J0614.1-3329 ,PSR  ,-33.4976,1.1368138e-10,1.84191e-08,-21.827698,240.50008,1.6609616e-11,1.588839,0.29330087,0.6666667,0.0073961327,1.5556436e-11,1.0262665,1.2295288e-11,1.9097154,31560000.0,1069.5226,93.5422,PLSuperExpCutoff ,5.245839821177051e-11,8.49814737515938e-09,1.7704377772359045e-10
4FGL J0621.2+2512 ,PSR  ,25.2075,4.5271027e-12,9.117502e-10,5.074792,187.15121,2.0146924e-13,2.053393,0.9999706,0.6666667,0.015362677,1.8073061e-13,1.075814e-06,9.618787e-14,2.154839,31560000.0,2652.506,95.3134,PLSuperExpCutoff ,2.384551385407639e-13,4.801881728330802e-11,3.2572860913136403e-13
4FGL J0622.2+3749 ,PSR  ,37.8291,1.6930415e-11,2.2043511e-09,10.974038,175.87512,3.81303e-12,2.658755,0.82238775,0.6666667,0.03515654,3.891171e-12,0.045649115,2.2266355e-12,2.445613,31560000.0,1076.3492,95.5616,PLSuperExpCutoff ,4.2184075056478026e-13,5.489826168277565e-11,2.663081278102483e-16
4FGL J0631.5+1036 ,PSR  ,10.6046,3.0853972e-11,5.1365054e-09,0.45441255,201.23578,1.909803e-12,2.101623,0.3847775,0.6666667,0.009840825,1.8891965e-12,0.9866043,1.2920121e-12,2.2027867,31560000.0,1836.7047,97.8765,PLSuperExpCutoff ,7.053307894878335e-12,1.1740003513812225e-09,1.0242326953281205e-11
4FGL J0631.8+0645 ,PSR  ,6.7625,1.5346122e-11,2.9032836e-09,-1.2446551,204.68307,4.9050006e-13,2.1682448,0.56813663,0.6666667,0.012388761,4.9304294e-13,0.3753643,3.0691942e-13,2.2178273,31560000.0,2807.1233,97.9644,PLSuperExpCutoff ,1.3043297495553975e-12,2.4672873447487854e-10,2.5230780452171874e-12
4FGL J0633.7+0632 ,PSR  ,6.545,9.589039e-11,1.4936752e-08,-0.9284467,205.09274,8.3032435e-12,2.1640513,0.3818379,0.6666667,0.010542087,8.16561e-12,1.1156055,5.632219e-12,2.226451,31560000.0,1533.293,98.4371,PLSuperExpCutoff ,2.3607767511179424e-11,3.676572634349779e-09,1.923496962089865e-11
4FGL J0633.9+1746 ,PSR  ,17.7723,4.2420405e-09,7.082859e-07,4.2729836,195.13522,5.1611976e-10,2.0507417,0.3617225,0.7744979,0.0037860633,5.029966e-10,1.0735495,2.9011793e-10,2.0983787,31560000.0,1328.3989,98.483,PLSuperExpCutoff ,1.5708375423610867e-09,2.622058445762116e-07,1.1418992776007025e-09
4FGL J0646.4-5455 ,psr  ,-54.9244,2.4648285e-12,5.8782584e-10,-22.594707,264.44864,2.686482e-13,1.852621,0.92062837,0.6666667,0.019146005,2.5200168e-13,0.0009340618,1.5196812e-13,2.2386928,31560000.0,1755.6179,101.6231,LogParabola      ,1.711177619191278e-13,3.54687559776485e-11,6.236226924951795e-14
4FGL J0652.9+4707 ,PSR  ,47.1259,2.0206994e-12,3.5661687e-10,19.763712,169.2314,3.4946294e-13,2.3310256,0.9999637,0.6666667,0.027951416,3.249213e-13,0.0003484818,1.7501685e-13,2.3572576,31560000.0,1320.8501,103.2355,PLSuperExpCutoff ,6.98555325686158e-14,1.2324287537221455e-11,9.109744469114828e-16
4FGL J0659.7+1416 ,PSR  ,14.2792,2.6996155e-11,6.83991e-10,8.267973,201.06758,5.6170825e-11,2.7066305,0.4931061,0.6666667,0.03667612,5.479949e-11,1.3536052,3.881792e-11,2.8362706,31560000.0,360.87827,104.9416,PLSuperExpCutoff ,4.207142111026871e-12,1.0659981772810784e-10,1.8900421837202886e-17
4FGL J0729.3-1445 ,PSR  ,-14.7608,6.4562175e-12,4.732156e-10,1.4669509,230.35905,2.431715e-13,2.4959521,0.1381868,0.6666667,0.0016140811,2.1928238e-13,2.2566063,1.9834914e-13,2.4317217,31560000.0,1657.927,112.3416,PowerLaw         ,4.809228422348576e-12,4.0550645788300827e-10,9.150066691114201e-12
4FGL J0734.7-1559 ,PSR  ,-15.9917,4.605148e-11,5.5298757e-09,2.0129435,232.06425,1.163562e-11,2.1798344,0.2784434,0.6666667,0.009266054,1.1105013e-11,1.5418395,8.872951e-12,2.3502927,31560000.0,868.9516,113.6891,PLSuperExpCutoff ,1.980880192574044e-11,2.3780993458189292e-09,8.921818693620028e-12
4FGL J0741.0+6618 ,PSR  ,66.3123,3.158443e-12,4.953874e-10,29.624397,149.76492,3.494824e-13,2.006511,0.32861474,0.6666667,0.009447038,3.4216418e-13,1.1427172,2.691406e-13,2.2638438,31560000.0,1340.4949,115.2539,PLSuperExpCutoff ,1.001697372368758e-12,1.570798418332409e-10,1.1888112179814145e-12
4FGL J0742.8-2822 ,PSR  ,-28.3814,1.5089065e-11,2.018269e-09,-2.4421082,243.77777,1.316168e-12,2.363355,0.32799673,0.6666667,0.010557331,1.3120114e-12,1.3472294,9.339724e-13,2.3698478,31560000.0,1444.5255,115.7091,PLSuperExpCutoff ,3.915858012333921e-12,5.236495485534924e-10,1.7420785383971791e-12
4FGL J0751.2+1808 ,PSR  ,18.1411,9.641127e-12,1.9886908e-09,21.103653,202.72173,5.276575e-13,2.1355004,0.72666067,0.6666667,0.017154457,5.260172e-13,0.0019463977,3.0514266e-13,2.0743666,31560000.0,2270.7205,117.8024,PLSuperExpCutoff ,4.978577263540763e-13,1.0267990554422019e-10,3.668625255894473e-13
4FGL J0835.3-4510 ,PSR  ,-45.1781,9.390872e-09,1.3516935e-06,-2.7877266,263.5537,5.406902e-10,2.29686,0.31645203,0.57438934,0.023040649,5.418067e-10,1.2147828,3.1512998e-10,2.234131,31560000.0,1760.3845,128.837,PLSuperExpCutoff ,1.7408034620894844e-09,2.504781036810595e-07,2.057195704132721e-09
4FGL J0843.3+6712 ,psr  ,67.2162,3.4030463e-12,6.1144423e-10,35.601807,147.8028,1.454626e-13,1.7177215,0.46880618,0.6666667,0.009456538,1.4344214e-13,0.5262582,9.6774476e-14,2.0096488,31560000.0,2326.1672,130.8481,LogParabola      ,6.669542033190604e-13,1.160837259839604e-10,2.6782907713784723e-12
4FGL J0908.7-4911 ,PSR  ,-49.1941,2.2241705e-11,2.4773978e-09,-0.9874299,270.2613,3.0039894e-12,2.7828918,0.51845443,0.6666667,0.022186575,3.0772071e-12,0.9313284,1.8326475e-12,2.6702485,31560000.0,1195.682,137.179,PLSuperExpCutoff ,1.8271222756462717e-12,2.0344315038344807e-10,1.954160997189904e-14
4FGL J0924.1-5202c,psr  ,-52.0462,1.1695786e-11,4.758312e-10,-1.2133914,274.01495,5.852388e-12,2.9080424,0.122675754,0.6666667,0.0016185241,5.13035e-12,2.7519224,4.8770393e-12,2.849236,31560000.0,548.1701,141.0428,PowerLaw         ,1.045499008336514e-11,4.3644567336705365e-10,3.3887165488308276e-12
4FGL J0931.2-1906 ,PSR  ,-19.1157,1.8662374e-12,3.857219e-10,23.004776,251.04945,1.5918762e-13,2.216064,0.99942565,0.6666667,0.01991,1.4192219e-13,6.146483e-06,7.33702e-14,2.1300182,31560000.0,1926.0048,142.8242,PLSuperExpCutoff ,8.56038710967361e-14,1.768990188542026e-11,2.3706310257985883e-14
4FGL J0941.1-5429 ,PSR  ,-54.4873,1.4201563e-11,2.5355904e-09,-1.2839376,277.53397,9.752921e-13,2.2868195,0.5932694,0.6666667,0.015029167,9.544109e-13,0.6411673,5.937973e-13,2.3804164,31560000.0,1865.1951,145.2831,PLSuperExpCutoff ,1.4594188696808187e-12,2.600357067898873e-10,6.20563952333054e-13
4FGL J0952.1-0607 ,PSR  ,-6.129,2.3380692e-12,4.6514445e-10,35.386383,243.66718,2.5617903e-13,2.017188,0.68181515,0.6666667,0.018714419,2.4994048e-13,0.18640046,1.4974773e-13,2.2709284,31560000.0,1583.1947,148.0477,PLSuperExpCutoff ,1.8402424335066617e-13,3.66036186147028e-11,5.336506436369058e-14
4FGL J0955.4-6151 ,PSR  ,-61.8559,7.1305015e-12,9.746014e-10,-5.742348,283.70724,8.631181e-13,2.2033093,0.32521003,0.6666667,0.009560162,8.3559955e-13,1.3675072,6.427717e-13,2.3740132,31560000.0,1255.8279,148.8667,PLSuperExpCutoff ,2.3436737811584287e-12,3.202622866574019e-10,1.506984882526572e-12
4FGL J1012.1-4235 ,PSR  ,-42.5893,4.884011e-12,7.339953e-10,11.230153,274.20996,2.6394127e-13,2.16429,0.30330628,0.6666667,0.0074542137,2.5951222e-13,1.2893164,1.8812878e-13,2.2198095,31560000.0,1849.4257,153.0499,PLSuperExpCutoff ,1.5888045883976776e-12,2.387280832000957e-10,2.9811570175330415e-12
4FGL J1016.3-5857 ,PSR  ,-58.9587,6.916512e-11,8.813543e-09,-1.8823143,284.08527,1.3198325e-12,2.548641,0.32329553,0.6666667,0.006678876,1.3121228e-12,1.5944073,1.0038175e-12,2.4663959,31560000.0,2670.138,154.0951,PLSuperExpCutoff ,1.912829497709458e-11,2.4369713928120682e-09,2.3069759453578654e-11
4FGL J1019.8-5749 ,PSR  ,-57.8279,2.3884297e-11,3.0611427e-09,-0.68727744,283.84183,3.4593872e-13,2.5844579,0.28762367,0.6666667,0.0062555703,3.5225048e-13,1.6041408,2.7172595e-13,2.530648,31560000.0,2978.1807,154.9668,PLSuperExpCutoff ,6.5434203449056444e-12,8.384718034453604e-10,9.248558157770074e-12
4FGL J1023.0-5745 ,PSR  ,-57.7611,1.4557344e-10,1.8362467e-08,-0.39783877,284.16766,4.7002354e-12,2.6677377,0.3564582,0.6666667,0.010323636,4.907322e-12,1.4312478,2.870128e-12,2.4429045,31560000.0,2091.511,155.7749,PLSuperExpCutoff ,2.6908257592121683e-11,3.3933674238173305e-09,1.0482158772746919e-11
4FGL J1024.5-0719 ,PSR  ,-7.3196,4.392673e-12,7.550865e-10,40.492443,251.66599,5.690781e-13,1.8883256,0.43526062,0.6666667,0.012122206,5.5243885e-13,0.84316134,4.050317e-13,2.2155612,31560000.0,1304.9319,156.1254,PLSuperExpCutoff ,1.0331569207800277e-12,1.7754007590443273e-10,8.543366105595514e-13
4FGL J1028.5-5819 ,PSR  ,-58.3179,2.6476302e-10,3.3484877e-08,-0.49183276,285.07062,1.9067083e-11,2.2682297,0.26631528,0.6666667,0.006653895,1.849749e-11,1.6055214,1.4866318e-11,2.3678694,31560000.0,1513.8959,157.1295,PLSuperExpCutoff ,1.1013269411767333e-10,1.3923233520624346e-08,1.3030436627732642e-10
4FGL J1035.4-6720 ,PSR  ,-67.338,1.855408e-11,3.359947e-09,-7.84417,290.372,1.7224305e-12,2.1247776,0.5317966,0.6666667,0.015014927,1.7012196e-12,0.6059169,1.0984415e-12,2.1947742,31560000.0,1614.7731,158.8645,PLSuperExpCutoff ,2.349461292115576e-12,4.253754347712767e-10,1.0903957146115744e-12
4FGL J1036.5-8318 ,PSR  ,-83.3125,3.90372e-12,7.191735e-10,-21.510082,298.94846,2.9569327e-13,1.9372872,0.525458,0.6666667,0.012365661,2.8367716e-13,0.6039382,1.841846e-13,2.1558785,31560000.0,1786.9385,159.1499,PLSuperExpCutoff ,6.320033711529256e-13,1.1641318002354461e-10,7.963692232623692e-13
4FGL J1044.4-5737 ,PSR  ,-57.6258,1.0691369e-10,1.3328977e-08,1.1563393,286.57004,1.0285798e-11,2.3508708,0.31852242,0.6666667,0.009408736,1.0105994e-11,1.4916061,7.881428e-12,2.4382315,31560000.0,1348.9019,161.1238,PLSuperExpCutoff ,3.390356945757778e-11,4.2257955569285494e-09,1.6551274468970086e-11
4FGL J1048.2-5832 ,PSR  ,-58.5396,1.9217695e-10,2.5423061e-08,0.5739922,287.4301,1.6511017e-11,2.2271206,0.2914146,0.6666667,0.0075460896,1.5980389e-11,1.5054861,1.2608881e-11,2.3463612,31560000.0,1430.2672,162.0575,PLSuperExpCutoff ,7.37458755006125e-11,9.752181262602528e-09,7.752603883939531e-11
4FGL J1048.6+2340 ,PSR  ,23.6798,5.065176e-12,6.37938e-10,62.1343,213.13654,8.5127375e-13,2.1509025,0.1981901,0.6666667,0.006914983,8.359027e-13,1.5994233,7.0200914e-13,2.2824013,31560000.0,1012.921,162.1711,PLSuperExpCutoff ,2.522072562571304e-12,3.1757850607732733e-10,2.7062091507496405e-12
4FGL J1055.7-6028 ,PSR  ,-60.4723,1.927922e-11,2.7973774e-09,-0.73610795,289.14078,4.1970512e-13,2.5206852,0.3242681,0.6666667,0.0085235825,4.3420915e-13,1.3230231,3.0900776e-13,2.4235106,31560000.0,2670.3584,163.9355,PLSuperExpCutoff ,3.738071690441043e-12,5.422732785908248e-10,4.167391152936539e-12
4FGL J1056.9-5852 ,PSR  ,-58.8806,1.2554515e-11,2.2414584e-09,0.7676919,288.59717,1.5772774e-12,2.4906728,0.99998796,0.6666667,0.027573077,1.5156761e-12,3.0604962e-05,8.2306894e-13,2.5643756,31560000.0,1498.0215,164.2386,PLSuperExpCutoff ,3.396975453424559e-13,6.062981426176244e-11,5.143888882718457e-15
4FGL J1057.9-5227 ,PSR  ,-52.4528,2.9458855e-10,4.9814275e-08,6.64635,285.98688,7.015299e-11,1.9945047,0.5413138,0.8816206,0.002254554,6.65479e-11,0.91351676,4.1524062e-11,2.1802838,31560000.0,1030.0675,164.4976,PLSuperExpCutoff ,1.0607627783602317e-10,1.7931147747768978e-08,5.8487333228385086e-12
4FGL J1104.9-6037 ,PSR  ,-60.6304,2.8442778e-11,4.382601e-09,-0.4112323,290.23474,1.026298e-12,2.4949732,0.44903213,0.6666667,0.010981363,1.0293467e-12,1.1166244,7.1476543e-13,2.4749293,31560000.0,2253.0696,166.2343,PLSuperExpCutoff ,4.309156301846872e-12,6.638296104044732e-10,2.9306274775112846e-12
4FGL J1105.4-6108 ,PSR  ,-61.1497,1.896625e-11,2.437974e-09,-0.8623333,290.49976,4.908997e-13,2.6746721,0.32455763,0.6666667,0.009149094,5.032638e-13,1.4676583,3.5310248e-13,2.477947,31560000.0,2323.3457,166.365,PLSuperExpCutoff ,3.810952707087169e-12,4.897590865797258e-10,2.2254249768143056e-12
4FGL J1111.8-6039 ,PSR  ,-60.659,5.6818054e-11,8.648324e-09,-0.10992676,291.027,9.205662e-13,2.1942358,0.3344712,0.6666667,0.005910189,9.149517e-13,1.2063183,6.6406434e-13,2.2050545,31560000.0,3354.7642,167.9624,PLSuperExpCutoff ,1.5112341324942737e-11,2.2998851563510246e-09,6.21437161444811e-11
4FGL J1112.1-6108 ,PSR  ,-61.1341,2.1058374e-11,2.6944758e-09,-0.53816867,291.23538,2.0460978e-13,2.707211,0.23199847,0.6666667,0.0069713383,2.1466252e-13,1.5761794,1.4935305e-13,2.395114,31560000.0,3409.997,168.0302,PLSuperExpCutoff ,4.340792590997573e-12,5.553006546924333e-10,4.840939877933263e-12
4FGL J1119.1-6127 ,PSR  ,-61.4551,4.3360173e-11,4.9806514e-09,-0.53448015,292.13312,8.036073e-13,2.377583,0.1693487,0.6666667,0.0035860494,8.0060123e-13,1.8485923,6.810811e-13,2.319324,31560000.0,2573.796,169.7757,PLSuperExpCutoff ,2.2113121628651576e-11,2.5396100275359506e-09,5.329705450824623e-11
4FGL J1124.0-3653 ,PSR  ,-36.8998,1.20881595e-11,1.987639e-09,22.756853,284.106,1.255817e-12,1.8943065,0.3401261,0.6666667,0.009145972,1.2155475e-12,1.0312996,9.085826e-13,2.1098883,31560000.0,1390.7194,171.0135,PLSuperExpCutoff ,3.86838667128918e-12,6.359563950201797e-10,6.663023396503289e-12
4FGL J1124.7-5915 ,PSR  ,-59.2611,6.1188006e-11,6.4534746e-09,1.764487,292.04166,7.671102e-12,2.4214244,0.24154536,0.6666667,0.008306061,7.5704365e-12,1.7261627,6.055666e-12,2.4609528,31560000.0,1133.6118,171.1774,PLSuperExpCutoff ,2.4805000558374374e-11,2.615600901763532e-09,9.941509443463857e-12
4FGL J1125.6-5825 ,PSR  ,-58.4246,5.99408e-12,1.0759188e-09,2.5940661,291.88077,1.4023094e-13,2.1581972,0.5487169,0.6666667,0.010330395,1.3931907e-13,0.5003729,8.7317936e-14,2.1773195,31560000.0,3231.9314,171.4087,PLSuperExpCutoff ,6.267001093876063e-13,1.1247638468213037e-10,1.964523417165613e-12
4FGL J1126.4-6011 ,PSR  ,-60.1862,2.8671538e-12,5.588501e-10,0.96157193,292.55133,1.0745553e-13,2.4741175,0.7092845,0.6666667,0.015657311,1.0709536e-13,0.34216052,6.223871e-14,2.4745016,31560000.0,2576.4739,171.6141,PLSuperExpCutoff ,1.5119614112309202e-13,2.946536478434007e-11,9.740192440721068e-14
4FGL J1135.2-6055 ,PSR  ,-60.9297,4.550734e-11,5.7321126e-09,0.58405465,293.80405,2.898709e-12,2.3963304,0.28492177,0.6666667,0.00825106,2.8840329e-12,1.5366791,2.2153336e-12,2.4167728,31560000.0,1599.7952,173.8043,PLSuperExpCutoff ,1.472252401505061e-11,1.854043641625251e-09,1.0479091449814404e-11
4FGL J1137.6+7527 ,PSR  ,75.4583,6.8108073e-13,1.34694e-10,40.796288,128.95226,1.9998158e-14,2.2991958,0.71769613,0.6666667,0.014487897,1.9994304e-14,0.033470046,1.0087481e-14,2.139446,31560000.0,3076.636,174.4247,PLSuperExpCutoff ,3.1787864413280046e-14,6.2858443355938696e-12,5.4900821442831514e-14
4FGL J1142.8+0120 ,PSR  ,1.34,6.1993787e-12,1.0145795e-09,59.414806,267.53943,5.5971005e-13,1.6840378,0.33632857,0.6666667,0.0076301927,5.341628e-13,0.98915464,4.2121078e-13,2.0432203,31560000.0,1436.2125,175.7154,PLSuperExpCutoff ,2.3473559854211735e-12,3.8410301621368627e-10,7.814273202957345e-12
4FGL J1152.0-6107 ,PSR  ,-61.1298,1.1250794e-11,1.7039921e-09,0.92083925,295.82898,5.337869e-13,2.4618647,0.38596863,0.6666667,0.011572855,5.463723e-13,1.1187947,3.757804e-13,2.4273045,31560000.0,1970.3557,178.0226,PLSuperExpCutoff ,1.825224761569288e-12,2.763767541403892e-10,9.698661796310185e-13
4FGL J1207.4-5050 ,PSR  ,-50.8495,4.7282608e-12,9.405688e-10,11.417195,295.86682,3.3133476e-13,2.1917968,0.64093935,0.6666667,0.017289411,3.307656e-13,0.22701672,1.9324956e-13,2.1989765,31560000.0,1950.19,181.8508,PLSuperExpCutoff ,3.1819783914880877e-13,6.328651203136599e-11,1.4313957399133656e-13
4FGL J1208.2-6237 ,PSR  ,-62.6331,3.8051243e-11,4.9306057e-09,-0.17705444,297.98752,5.657672e-13,2.5717425,0.25985596,0.6666667,0.0061907545,5.7987886e-13,1.5910884,4.3966995e-13,2.4126754,31560000.0,2962.011,182.0529,PLSuperExpCutoff ,1.0614620179908908e-11,1.3751462641172394e-09,1.5976117447008652e-11
4FGL J1228.0-4853 ,PSR  ,-48.8847,2.257832e-11,2.4799724e-09,13.807194,298.9748,1.2137694e-12,2.3966322,0.1954733,0.6666667,0.005290115,1.2166948e-12,1.8352863,1.0238553e-12,2.3817706,31560000.0,1597.1682,187.0101,PLSuperExpCutoff ,1.0960394074092039e-11,1.2036434419195158e-09,1.2527019715567689e-11
4FGL J1231.1-1412 ,PSR  ,-14.2014,1.0059504e-10,1.8433793e-08,48.379307,295.53354,1.899493e-11,1.5995197,0.43728584,0.6666667,0.012834062,1.7878815e-11,0.62826085,1.2596625e-11,1.9621844,31560000.0,1057.4292,187.7981,PLSuperExpCutoff ,2.6553147535158497e-11,4.8649402148903735e-09,2.6763373001589578e-11
4FGL J1253.3-5816 ,psr  ,-58.2833,4.2331603e-12,2.9224312e-10,4.587496,303.1863,2.1188123e-12,2.7829926,0.79855084,0.6666667,0.047385905,2.1605257e-12,0.059010185,1.1990647e-12,2.8003285,31560000.0,726.77496,193.3418,PLSuperExpCutoff ,9.187679792558192e-14,6.339845880713731e-12,3.1796466997049217e-19
4FGL J1301.6+0834 ,PSR  ,8.5742,7.194184e-12,1.1730242e-09,71.28936,310.8223,1.3703438e-12,1.9284304,0.41094676,0.6666667,0.01294008,1.3136168e-12,0.92621815,9.591829e-13,2.203558,31560000.0,1076.7805,195.412,PLSuperExpCutoff ,1.847785620875898e-12,3.012177110197139e-10,9.114594565578282e-13
4FGL J1302.4-3258 ,PSR  ,-32.9694,1.08709534e-11,2.0930713e-09,29.844969,305.60495,9.502983e-13,1.664818,0.56007797,0.6666667,0.013251609,9.0925667e-13,0.32476678,6.311953e-13,2.0741765,31560000.0,1666.6038,195.6231,PLSuperExpCutoff ,1.6878516537217712e-12,3.2493084293732865e-10,2.6552407331646143e-12
4FGL J1311.7-3430 ,PSR  ,-34.5097,6.09704e-11,7.567811e-09,28.17399,307.68817,1.5855903e-11,2.04331,0.19632727,0.6666667,0.00603681,1.523449e-11,1.6566012,1.3324753e-11,2.2315617,31560000.0,812.2269,197.9484,PLSuperExpCutoff ,3.605324358198723e-11,4.474124858700271e-09,4.869866162747396e-11
4FGL J1312.7+0050 ,PSR  ,0.842,1.4436724e-11,2.4933005e-09,63.22025,314.82837,1.8459375e-12,2.068755,0.48845533,0.6666667,0.01508212,1.8296593e-12,0.71419,1.2060651e-12,2.1540987,31560000.0,1352.8317,198.1894,PLSuperExpCutoff ,2.282051722921579e-12,3.940346921645564e-10,8.03202227451032e-13
4FGL J1341.7-6216 ,PSR  ,-62.2801,2.9604e-11,2.0566921e-09,0.022729853,308.74393,3.189232e-13,2.4667106,0.11695563,0.6666667,0.002363288,3.1731947e-13,2.082866,2.8126202e-13,2.4804287,31560000.0,2613.1577,205.4337,PowerLaw         ,1.399582351390457e-11,1.3671772463550915e-09,3.101775875831306e-11
4FGL J1350.6-6224 ,PSR  ,-62.4133,4.2974607e-11,6.6981864e-09,-0.32658818,309.7325,1.210953e-12,2.4088237,0.413653,0.6666667,0.009075516,1.2122535e-12,1.1678228,8.606844e-13,2.4323273,31560000.0,2539.2957,207.6746,PLSuperExpCutoff ,7.93711633287009e-12,1.2368617895922222e-09,1.0305247075640236e-11
4FGL J1356.9-6432 ,PSR  ,-64.5401,3.0322588e-11,2.5234306e-09,-2.5580788,309.89966,5.8067383e-12,2.656181,0.3464507,0.6666667,0.0152706625,5.7730123e-12,1.5675476,4.3834125e-12,2.669507,31560000.0,943.3264,209.234,PLSuperExpCutoff ,6.981198254551093e-12,5.808168757811161e-10,2.055974986998134e-13
4FGL J1402.7+1306 ,psr  ,13.1072,1.5599808e-12,3.7963163e-10,68.211815,356.4016,1.8093261e-13,2.0899353,0.9999787,0.6666667,0.020710297,1.6284943e-13,0.00014111056,8.534705e-14,2.1745794,31560000.0,1740.7994,210.6919,LogParabola      ,8.718260869427502e-14,1.7906599815785176e-11,1.801275987398874e-14
4FGL J1411.5-6133 ,PSR  ,-61.5539,2.1600527e-11,2.8954068e-09,-0.15245403,312.32483,5.851296e-13,2.885837,0.36947164,0.6666667,0.013848636,6.1873656e-13,1.1743287,3.459737e-13,2.543306,31560000.0,2274.4248,212.8964,PLSuperExpCutoff ,1.9694992688944947e-12,2.6392833693506353e-10,3.51023552682271e-13
4FGL J1413.5-6205 ,PSR  ,-62.0903,1.8547135e-10,2.7375394e-08,-0.73342663,312.3775,8.237758e-12,2.2081752,0.34731174,0.6666667,0.007418763,8.002949e-12,1.328736,6.101719e-12,2.3384042,31560000.0,2026.7695,213.382,PLSuperExpCutoff ,5.653705787106502e-11,8.343180596472174e-09,9.804007172754004e-11
4FGL J1417.6-4403 ,psr  ,-44.052,7.910035e-12,1.1185431e-09,16.132421,318.88647,1.2708842e-12,2.0581384,0.26284432,0.6666667,0.0077605867,1.2308789e-12,1.4472041,1.0440781e-12,2.327116,31560000.0,1085.8802,214.4146,LogParabola      ,3.614677153901402e-12,4.945932857758696e-10,4.042043327418154e-12
4FGL J1418.7-6057 ,PSR  ,-60.9654,2.8828845e-10,3.9326256e-08,0.13078819,313.33084,4.1135997e-12,2.719948,0.34943056,0.6666667,0.008363216,4.2377317e-12,1.4258201,2.100131e-12,2.3787093,31560000.0,3043.1492,214.6927,PLSuperExpCutoff ,4.97913082002158e-11,6.790709385192972e-09,4.5580671499840576e-11
4FGL J1420.0-6048 ,PSR  ,-60.805,1.4184957e-10,1.7404485e-08,0.23072739,313.5294,3.1623807e-12,2.8124926,0.31311145,0.6666667,0.009940979,3.2425514e-12,1.4829373,7.2520646e-13,2.4181278,31560000.0,2395.6448,215.009,PLSuperExpCutoff ,2.3928798994630266e-11,2.9352933536535335e-09,9.502581032971131e-12
4FGL J1422.5-6137 ,PSR  ,-61.6311,5.4712727e-11,9.545583e-09,-0.64777446,313.5296,8.8648826e-13,2.2334461,0.5577299,0.6666667,0.009477791,8.882813e-13,0.5411365,5.726695e-13,2.2166076,31560000.0,3830.7183,215.6298,PLSuperExpCutoff ,5.375375872961418e-12,9.377098952745713e-10,2.092044254194255e-11
4FGL J1429.9-5911 ,PSR  ,-59.1888,1.1429789e-10,1.3054304e-08,1.3038083,315.2617,8.57758e-12,2.4834566,0.2913832,0.6666667,0.00885351,8.501458e-12,1.6173494,6.5562733e-12,2.497819,31560000.0,1448.0402,217.4914,PLSuperExpCutoff ,3.6809452394536195e-11,4.20316291257755e-09,1.5972418107208453e-11
4FGL J1431.4-4711 ,PSR  ,-47.1945,6.3527647e-12,3.8351267e-10,12.327431,320.0353,1.0867268e-12,2.4933214,0.20846546,0.6666667,0.0080942735,1.0601462e-12,1.9531388,8.825148e-13,2.592148,31560000.0,867.6091,217.8727,PowerLaw         ,2.4877394794424536e-12,2.0500745368625832e-10,5.367333042424854e-13
4FGL J1440.2-5505 ,psr  ,-55.0855,5.5212996e-12,2.7798536e-10,4.5363336,318.1544,1.3330978e-12,2.877489,0.44363093,0.6666667,0.021180034,1.2980614e-12,1.4977318,8.9641136e-13,2.7172463,31560000.0,792.9836,220.0734,PowerLaw         ,7.65419919957474e-13,4.7090267965159775e-11,2.0731282750387514e-15
4FGL J1446.6-4701 ,PSR  ,-47.0276,6.800366e-12,1.1378662e-09,11.420593,322.5021,7.0244445e-13,1.9650941,0.43065828,0.6666667,0.011005829,6.774295e-13,0.9457711,4.981503e-13,2.2715027,31560000.0,1449.9397,221.6541,PLSuperExpCutoff ,1.6606485216510918e-12,2.778119707186717e-10,1.6797051631157955e-12
4FGL J1459.5-6053 ,PSR  ,-60.8894,1.242668e-10,1.3277869e-08,-1.7915276,317.88593,1.1999555e-11,2.4792972,0.27266437,0.6666667,0.008676582,1.18199825e-11,1.6942204,9.294895e-12,2.5010316,31560000.0,1276.3562,224.8752,PLSuperExpCutoff ,4.477414549239196e-11,4.7830354736108675e-09,1.6728973226390068e-11
4FGL J1509.4-5850 ,PSR  ,-58.8431,1.1546055e-10,1.7319225e-08,-0.6160439,319.9758,5.6913957e-12,2.2679198,0.38670644,0.6666667,0.008894346,5.5806336e-12,1.2500911,4.1813645e-12,2.4000895,31560000.0,1950.8082,227.3646,PLSuperExpCutoff ,2.880143377602805e-11,4.319356587216437e-09,3.302137158051912e-11
4FGL J1513.4-2549 ,PSR  ,-25.8271,6.946838e-12,1.0506611e-09,26.96325,338.85068,7.756925e-13,2.2206368,0.42227876,0.6666667,0.012254741,7.5261975e-13,1.0885727,5.2693467e-13,2.305898,31560000.0,1375.355,228.3728,PLSuperExpCutoff ,1.526296768816496e-12,2.307875981912719e-10,6.625956882215546e-13
4FGL J1514.3-4946 ,PSR  ,-49.7711,4.082046e-11,6.675916e-09,6.8086805,325.24716,3.0426352e-12,1.8269076,0.35291323,0.6666667,0.007915126,2.9225463e-12,1.0264031,2.2931535e-12,2.1435144,31560000.0,1626.8392,228.5757,PLSuperExpCutoff ,1.3659898124340635e-11,2.2336122341056054e-09,3.800396269329722e-11
4FGL J1521.9-5735 ,PSR  ,-57.5893,7.56253e-11,1.0138192e-08,-0.41177204,322.036,5.0136982e-12,2.5007362,0.42263657,0.6666667,0.011981631,4.969784e-12,1.2717532,3.4916215e-12,2.5245228,31560000.0,1644.7648,230.493,PLSuperExpCutoff ,1.4245514040855232e-11,1.9092530625947417e-09,4.2618459627098815e-12
4FGL J1528.4-5838 ,PSR  ,-58.634,1.6871428e-11,3.1370122e-09,-1.7541803,322.16876,9.229106e-13,2.2699773,0.63789135,0.6666667,0.014734716,9.063242e-13,0.5390513,5.878156e-13,2.4214215,31560000.0,2115.3386,232.1087,PLSuperExpCutoff ,1.4883663952185727e-12,2.7668903069749645e-10,8.908036231615344e-13
4FGL J1531.5-5612 ,PSR  ,-56.2103,2.0357384e-11,3.026917e-09,-0.00034241556,323.89484,1.5925146e-12,2.6588678,0.5897827,0.6666667,0.019037742,1.6025534e-12,0.76094925,9.273442e-13,2.593541,31560000.0,1625.73,232.8971,PLSuperExpCutoff ,1.464363268780738e-12,2.1767073036741158e-10,9.40108509846131e-14
4FGL J1536.4-4948 ,PSR  ,-49.8164,7.84521e-11,1.134391e-08,4.7866488,328.19952,6.410006e-12,1.8965467,0.24723782,0.6666667,0.0053812787,6.1152793e-12,1.3858907,5.1113263e-12,2.1337683,31560000.0,1444.6024,234.1003,PLSuperExpCutoff ,3.9446425545319944e-11,5.7028143133816194e-09,1.3682413194987224e-10
4FGL J1543.6-5148 ,PSR  ,-51.8149,1.781965e-11,2.116553e-09,2.4966497,327.92532,1.1291842e-12,2.53298,0.33357096,0.6666667,0.009565212,1.1202428e-12,1.5385718,8.270232e-13,2.5771463,31560000.0,1582.1167,235.9227,PLSuperExpCutoff ,4.863248754906177e-12,5.775042686600292e-10,1.9396934881663854e-12
4FGL J1544.0+4939 ,PSR  ,49.6524,3.3846606e-12,4.3059684e-10,50.15999,79.20248,3.8443608e-13,2.0707946,0.19733037,0.6666667,0.0048676687,3.6955183e-13,1.6631818,3.145691e-13,2.2389653,31560000.0,1192.9468,236.0179,PLSuperExpCutoff ,1.9578780239130506e-12,2.4903428157932054e-10,4.3456590342109935e-12
4FGL J1553.1+5438 ,PSR  ,54.6413,2.8217923e-12,4.251705e-10,47.16823,85.60716,3.0403723e-13,1.9629879,0.29611364,0.6666667,0.0076602385,2.938233e-13,1.2792126,2.3487993e-13,2.21308,31560000.0,1317.937,238.2833,PLSuperExpCutoff ,1.1237755457313835e-12,1.6929081542970322e-10,1.9863297648323407e-12
4FGL J1555.7-2908 ,PSR  ,-29.1371,6.973217e-12,4.6386572e-10,18.502102,344.4837,1.5935109e-12,2.4448664,0.24344186,0.6666667,0.0064670704,1.4606562e-12,2.017698,1.2301735e-12,2.517003,31560000.0,801.1401,238.9256,PowerLaw         ,3.471869460852178e-12,2.935526888262062e-10,1.3010008767823774e-12
4FGL J1600.9-3054 ,PSR  ,-30.9102,7.378553e-12,1.3485777e-09,16.435661,344.0879,3.1021217e-13,1.9619612,0.49979636,0.6666667,0.010962314,3.0569687e-13,0.49881992,1.883e-13,2.056757,31560000.0,2399.0288,240.2267,PLSuperExpCutoff ,1.0347574577697409e-12,1.8909701068894032e-10,2.6232391210352837e-12
4FGL J1614.1-5047 ,PSR  ,-50.7863,1.5527126e-11,2.557109e-09,0.185226,332.21347,2.3398528e-13,2.6610885,0.283692,0.6666667,0.010785052,2.5674257e-13,0.9909167,1.6674517e-13,2.4357543,31560000.0,3249.7441,243.5403,PLSuperExpCutoff ,1.4571835568055195e-12,2.3993032815157263e-10,1.449057126724807e-12
4FGL J1614.5-2230 ,PSR  ,-22.5044,2.525507e-11,4.973892e-09,20.202217,352.63196,2.0953137e-12,1.8499775,0.60321474,0.6666667,0.014893923,2.033279e-12,0.2748302,1.257055e-12,2.072555,31560000.0,1770.5698,243.6415,PLSuperExpCutoff ,2.855777782765912e-12,5.623504677119033e-10,2.770981898243283e-12
4FGL J1615.3-5136 ,PSR  ,-51.6135,3.5344207e-11,6.8788104e-09,-0.5389193,331.77426,8.726835e-13,2.3294091,0.6959141,0.6666667,0.013641623,8.779961e-13,0.21607754,5.087761e-13,2.3355055,31560000.0,3240.5237,243.8303,PLSuperExpCutoff ,1.7824211840833033e-12,3.4685673868593637e-10,2.9825193456361664e-12
4FGL J1618.7-4633c,psr  ,-46.5569,7.998935e-12,5.39077e-10,2.6982014,335.70117,9.8520116e-14,2.8926272,0.3708269,0.6666667,0.010191652,1.0292641e-13,1.4541317,7.472865e-14,2.506257,31560000.0,2591.123,244.6966,PowerLaw         ,8.006325401274576e-13,9.958333233706158e-11,3.0952562900766563e-13
4FGL J1620.7-4927 ,PSR  ,-49.4599,1.2793162e-10,2.2252452e-08,0.40447885,333.8918,2.3528631e-12,2.3013797,0.53362745,0.6666667,0.009342792,2.3403011e-12,0.7605741,1.5621531e-12,2.2946746,31560000.0,3452.6497,245.1805,PLSuperExpCutoff ,1.5140489488524928e-11,2.6331434335845653e-09,4.1979179937437136e-11
4FGL J1623.0-5004 ,PSR  ,-50.0756,6.096866e-11,9.456891e-09,-0.29162395,333.71722,6.840208e-13,2.3461218,0.40145716,0.6666667,0.006395813,6.801993e-13,1.1652408,4.9129673e-13,2.3221586,31560000.0,4003.3887,245.7514,PLSuperExpCutoff ,1.2157368821993427e-11,1.8854266766739984e-09,4.521452796123027e-11
4FGL J1623.0-0315 ,PSR  ,-3.264,7.863982e-12,1.0779231e-09,30.67098,10.707283,6.583396e-13,2.149993,0.23846333,0.6666667,0.0066906973,6.494659e-13,1.4861258,5.063088e-13,2.279276,31560000.0,1433.4796,245.752,PLSuperExpCutoff ,3.35957663544528e-12,4.604079776182195e-10,5.353568803332796e-12
4FGL J1624.1-4042 ,PSR  ,-40.7073,2.756598e-11,4.271043e-09,6.1383424,340.54596,2.2814916e-12,2.3099303,0.4317959,0.6666667,0.012750031,2.2700659e-12,1.0256237,1.5573417e-12,2.3760967,31560000.0,1582.0111,246.0399,PLSuperExpCutoff ,4.882433428549574e-12,7.563020167891156e-10,2.032418959411596e-12
4FGL J1625.1-0020 ,PSR  ,-0.3491,2.0301311e-11,3.915166e-09,31.83681,13.894618,2.294561e-12,1.8175026,0.53968936,0.6666667,0.0149908755,2.2285743e-12,0.39622498,1.4520931e-12,2.072172,31560000.0,1481.3184,246.287,PLSuperExpCutoff ,2.894451644452445e-12,5.581083530629452e-10,2.129328179476834e-12
4FGL J1628.1-3204 ,PSR  ,-32.0747,1.08991705e-11,1.7062531e-09,11.491444,347.45004,1.2325793e-12,2.2966633,0.48142806,0.6666667,0.015209812,1.2215293e-12,0.88673085,8.223149e-13,2.3839934,31560000.0,1399.9651,247.0387,PLSuperExpCutoff ,1.6248352073805905e-12,2.5430270616485693e-10,3.55276490362037e-13
4FGL J1630.6+3734 ,PSR  ,37.5825,5.965535e-12,1.1774713e-09,43.206272,60.251335,7.4964855e-13,1.8814741,0.66633403,0.6666667,0.01805841,7.24044e-13,0.23611775,5.1589695e-13,2.342183,31560000.0,1465.1013,247.6628,PLSuperExpCutoff ,5.808004137470937e-13,1.1461623979868125e-10,1.9307408200240646e-13
4FGL J1640.1+2222 ,PSR  ,22.3774,2.3267566e-12,4.058865e-10,38.302338,41.004887,1.7003055e-13,2.1066551,0.4549189,0.6666667,0.011669299,1.6531523e-13,0.8146953,1.0802498e-13,2.2084746,31560000.0,1762.9384,250.0258,PLSuperExpCutoff ,4.238618331813752e-13,7.392600048093845e-11,4.4463490570081276e-13
4FGL J1641.2+8049 ,PSR  ,80.8292,2.2286133e-12,3.4706932e-10,31.76836,113.84078,1.7088306e-13,2.2888622,0.47525474,0.6666667,0.011654835,1.6286797e-13,1.0679954,1.12177276e-13,2.3142872,31560000.0,1663.4,250.3029,PLSuperExpCutoff ,4.3401244581156177e-13,6.757507282894284e-11,2.533812631007527e-13
4FGL J1641.2-5317 ,PSR  ,-53.2989,1.6948387e-11,2.3318527e-09,-4.561877,333.29333,1.6632676e-12,2.4784703,0.4441074,0.6666667,0.015147364,1.6722255e-12,1.0728221,1.162385e-12,2.4793591,31560000.0,1419.256,250.325,PLSuperExpCutoff ,2.502627390261465e-12,3.4423131009320563e-10,3.4272423232758707e-13
4FGL J1648.4-4611 ,PSR  ,-46.1955,4.7647712e-11,7.957872e-09,-0.80656326,339.43896,8.908504e-13,2.3298995,0.47226354,0.6666667,0.008568344,8.8370473e-13,0.9618208,6.2173574e-13,2.3499465,31560000.0,3281.3882,252.1065,PLSuperExpCutoff ,7.1843299721609674e-12,1.1996889355091087e-09,1.784677686984154e-11
4FGL J1650.3-4600 ,PSR  ,-46.0163,5.2320853e-11,8.593512e-09,-0.95320046,339.79538,1.6567645e-12,2.5480037,0.48053592,0.6666667,0.0121293245,1.6837432e-12,0.9467144,1.1243699e-12,2.454187,31560000.0,2452.5208,252.5986,PLSuperExpCutoff ,5.7642272948414824e-12,9.465512098262834e-10,3.736984117424383e-12
4FGL J1653.6-0158 ,PSR  ,-1.9737,3.5277618e-11,4.527864e-09,24.943493,16.613459,1.01860196e-11,2.0683365,0.2801418,0.6666667,0.00961431,9.782457e-12,1.4463619,7.981478e-12,2.3004365,31560000.0,819.5204,253.4011,PLSuperExpCutoff ,1.5202051880429025e-11,1.9507240630132465e-09,7.705948128094444e-12
4FGL J1658.6-5323 ,PSR  ,-53.3955,1.9745873e-11,2.6741467e-09,-6.6154165,334.86926,3.4498396e-12,2.4046164,0.52808243,0.6666667,0.019039681,3.397203e-12,0.883183,2.2955724e-12,2.4804957,31560000.0,1135.938,254.6511,PLSuperExpCutoff ,2.4849964597448468e-12,3.364355150276922e-10,1.1415172043283754e-13
4FGL J1702.9-4131 ,PSR  ,-41.5266,2.394003e-11,3.6070709e-09,0.08148135,344.71722,1.0294745e-12,2.8466995,0.5387247,0.6666667,0.01749663,1.0710834e-12,0.8249067,6.0816944e-13,2.5341344,31560000.0,2029.5121,255.7401,PLSuperExpCutoff ,1.449222650896234e-12,2.1829530858924668e-10,1.4708084252089682e-13
4FGL J1705.6-1909 ,PSR  ,-19.1658,4.1183537e-12,5.9463423e-10,12.994282,3.1427374,9.975557e-13,2.5291336,0.9998131,0.6666667,0.033538762,9.356162e-13,0.00019326447,4.5158728e-13,2.458062,31560000.0,1102.8591,256.401,PLSuperExpCutoff ,1.1480915868041528e-13,1.656967427698116e-11,1.596915834805594e-16
4FGL J1709.7-4429 ,PSR  ,-44.4854,1.3719972e-09,1.992808e-07,-2.6866546,343.0988,1.1772061e-10,2.1064746,0.27302969,0.46023634,0.07463113,1.14871446e-10,1.0465778,8.439869e-11,2.223745,31560000.0,1462.7064,257.4298,PLSuperExpCutoff ,1.6206056238876665e-10,2.353131995956398e-08,3.083154411802091e-10
4FGL J1713.8+0747 ,PSR  ,7.7927,7.0467265e-12,1.3389616e-09,25.210205,28.756184,6.697033e-13,1.8169559,0.5386894,0.6666667,0.013672231,6.483236e-13,0.46533853,4.3318468e-13,2.1559293,31560000.0,1602.9802,258.4701,PLSuperExpCutoff ,1.0833224454088565e-12,2.058105820450734e-10,1.1204244257635969e-12
4FGL J1714.4-3830 ,PSR  ,-38.507,9.113797e-11,1.0311252e-08,0.120908335,348.4524,5.737955e-13,2.5645711,0.18119304,0.6666667,0.0034331765,5.799995e-13,1.8733728,4.6463685e-13,2.3831878,31560000.0,3998.989,258.6124,PLSuperExpCutoff ,3.837990261636349e-11,4.3414869789732495e-09,9.275716990370534e-11
4FGL J1718.2-3825 ,PSR  ,-38.4318,9.891621e-11,1.1951978e-08,-0.44190338,348.94565,3.2497431e-12,2.7256277,0.3456888,0.6666667,0.010199632,3.3146042e-12,1.486863,2.3840396e-12,2.5354862,31560000.0,2054.565,259.5634,PLSuperExpCutoff ,1.9029828926457274e-11,2.298812262201414e-09,6.678339075543158e-12
4FGL J1720.8-1937 ,psr  ,-19.6323,4.487598e-12,3.4583106e-10,9.76529,4.8169603,1.8880864e-13,2.3512006,0.1202803,0.6666667,0.002114497,1.783827e-13,2.0860906,1.5908317e-13,2.3810415,31560000.0,1587.7168,260.2092,PowerLaw         ,2.8971744009809857e-12,2.841017065618328e-10,7.195036380676079e-12
4FGL J1723.1-2859 ,psr  ,-28.9957,5.7504015e-12,7.407765e-10,4.0928473,357.29004,7.175598e-13,2.6216283,0.4843894,0.6666667,0.017090337,7.047748e-13,1.0855348,4.3307288e-13,2.5838983,31560000.0,1287.8712,260.7958,LogParabola      ,7.895529172578496e-13,9.844123870081416e-11,4.620067775829273e-14
4FGL J1728.1-1610 ,psr  ,-16.167,3.6861464e-12,7.56377e-10,10.187956,8.730694,2.0024501e-13,2.6143115,0.676856,0.6666667,0.01880228,2.0156184e-13,0.3554244,1.1542576e-13,2.322492,31560000.0,2155.252,262.0381,LogParabola      ,1.6975548888679982e-13,3.1830337673659525e-11,3.273782868572071e-14
4FGL J1730.5-3352 ,PSR  ,-33.8801,4.2324328e-11,3.9940664e-09,0.06565495,354.10632,2.2384043e-12,2.842653,0.29471117,0.6666667,0.010783134,2.2392988e-12,1.6980507,1.5172022e-12,2.6342888,31560000.0,1562.7323,262.6425,PLSuperExpCutoff ,9.908313984131925e-12,9.348106599514357e-10,1.4212146481342346e-12
4FGL J1730.8-2303 ,PSR  ,-23.06,7.345478e-12,8.726899e-10,5.9444375,3.2067933,9.351977e-13,2.7696302,0.5413732,0.6666667,0.022966735,9.577548e-13,0.8207377,5.59523e-13,2.647194,31560000.0,1250.706,262.7031,PLSuperExpCutoff ,5.107830392145651e-13,6.066277548858978e-11,5.4533570630326965e-15
4FGL J1732.5-3131 ,PSR  ,-31.5174,1.8477955e-10,3.4666222e-08,1.0063205,356.3147,7.819042e-12,2.3108568,0.59958726,0.6666667,0.013755192,7.7583434e-12,0.52563727,4.784798e-12,2.310176,31560000.0,2391.7546,263.1452,PLSuperExpCutoff ,1.5787821610984726e-11,2.9614164164110106e-09,1.4006518884585512e-11
4FGL J1732.7-5050 ,PSR  ,-50.8377,5.9962313e-12,8.8837415e-10,-9.45592,340.00464,3.9563752e-13,2.277039,0.32613847,0.6666667,0.009645988,3.9771384e-13,1.241715,2.8657843e-13,2.3608713,31560000.0,1683.6556,263.1811,PLSuperExpCutoff ,1.5312982746745597e-12,2.2682111203781244e-10,1.3162043583078007e-12
4FGL J1739.4-3015 ,PSR  ,-30.2587,2.2750931e-11,3.732489e-09,0.43871382,358.17242,1.5415944e-12,2.610485,0.6286581,0.6666667,0.018775892,1.5485067e-12,0.62520593,9.113801e-13,2.625116,31560000.0,1795.5647,264.8691,PLSuperExpCutoff ,1.4204806454137082e-12,2.3297968380235854e-10,1.44350246282309e-13
4FGL J1740.5+1005 ,PSR  ,10.0977,4.633908e-12,2.1634435e-10,20.273083,34.12143,1.7256547e-12,2.7653885,0.19746469,0.6666667,0.0046812478,1.5340702e-12,2.4686885,1.3535126e-12,2.7653983,31560000.0,632.79333,265.1489,PowerLaw         ,3.1578002995022504e-12,1.6163748034636233e-10,5.925501800323538e-13
4FGL J1741.4+1354 ,PSR  ,13.9093,4.138288e-12,6.9528583e-10,21.671457,37.92589,4.868017e-13,1.9808059,0.43921122,0.6666667,0.012001754,4.709625e-13,0.9025966,3.3262209e-13,2.275125,31560000.0,1371.7505,265.3668,PLSuperExpCutoff ,9.405569332840285e-13,1.5799288113822924e-10,7.113868538886849e-13
4FGL J1741.9-2054 ,PSR  ,-20.9005,1.14470704e-10,1.6747046e-08,4.9055185,6.425962,2.447282e-11,2.4945736,0.7505929,0.6666667,0.029828154,2.4478771e-11,0.18918961,1.438342e-11,2.4576528,31560000.0,1117.0399,265.4918,PLSuperExpCutoff ,4.614644270566507e-12,6.74855539296248e-10,1.7302854890783798e-14
4FGL J1742.3-3318 ,PSR  ,-33.3075,1.5958698e-11,2.9234593e-09,-1.6886853,355.90616,7.7028233e-13,2.4317732,0.5930362,0.6666667,0.015458663,7.7329094e-13,0.5582797,4.7477197e-13,2.3983417,31560000.0,2192.9053,265.5804,PLSuperExpCutoff ,1.1745318623148138e-12,2.1511761473107557e-10,5.121545319433458e-13
4FGL J1744.0-7618 ,PSR  ,-76.3152,1.972506e-11,3.8149524e-09,-22.456036,317.1131,3.1460752e-12,1.7999749,0.60062295,0.6666667,0.017477684,3.014081e-12,0.32433015,2.0099703e-12,2.1655648,31560000.0,1272.6738,266.0003,PLSuperExpCutoff ,2.53314503109018e-12,4.898310059783909e-10,8.641397948462563e-13
4FGL J1744.4-1135 ,PSR  ,-11.5874,3.7392457e-11,5.970115e-09,9.18304,14.785403,9.32465e-12,2.119805,0.6453321,0.6666667,0.022731768,8.994774e-12,0.45563853,5.8366493e-12,2.3938353,31560000.0,1032.9578,266.1153,PLSuperExpCutoff ,3.664760978815378e-12,5.849384301592707e-10,1.1836310686687442e-13
4FGL J1745.5+1017 ,PSR  ,10.2947,7.5998695e-12,1.3988434e-09,19.24483,34.86997,7.790061e-13,1.9548234,0.50842535,0.6666667,0.013971818,7.6088766e-13,0.592379,5.284468e-13,2.2592592,31560000.0,1531.9827,266.3994,PLSuperExpCutoff ,1.1870876527327077e-12,2.1845631018404372e-10,8.434958986969357e-13
4FGL J1746.8-3239 ,PSR  ,-32.6644,4.782308e-11,8.191551e-09,-2.1685517,356.95453,2.7711527e-12,2.4292073,0.5312173,0.6666667,0.014611775,2.7752924e-12,0.75272053,1.7296531e-12,2.4061751,31560000.0,1949.572,266.7205,PLSuperExpCutoff ,4.890654784842061e-12,8.375275131408353e-10,1.8889432616743175e-12
4FGL J1747.2-2957 ,PSR  ,-29.9648,1.5719115e-10,1.8737138e-08,-0.8454437,359.31015,6.5314243e-12,2.756237,0.380771,0.6666667,0.012047299,6.729837e-12,1.4049351,3.860984e-12,2.5631702,31560000.0,1859.7096,266.8231,PLSuperExpCutoff ,2.54248811642566e-11,3.029862882187505e-09,5.075496420943835e-12
4FGL J1747.7-4037 ,PSR  ,-40.6231,1.2148618e-11,1.8203583e-09,-6.4114385,350.19818,1.1744247e-12,2.3757517,0.44683036,0.6666667,0.014037787,1.1638461e-12,1.013979,7.88066e-13,2.3725245,31560000.0,1471.1412,266.946,PLSuperExpCutoff ,1.976960860581749e-12,2.961549760988254e-10,5.013994980176554e-13
4FGL J1756.6-2352 ,PSR  ,-23.8717,2.1144003e-11,1.5293454e-09,0.46642014,5.615777,2.1025929e-13,2.6302936,0.16877659,0.6666667,0.0062254444,2.1916815e-13,1.7635572,1.7066848e-13,2.4442294,31560000.0,2851.7236,269.1652,PowerLaw         ,4.648983317647872e-12,5.236336783445265e-10,4.2712942940488436e-12
4FGL J1757.9-2419 ,PSR  ,-24.33,2.3586471e-11,1.6977746e-09,-0.02372455,5.3700657,1.59058e-13,2.8865578,0.2007913,0.6666667,0.00095994584,1.4335615e-13,2.3373406,1.3184321e-13,2.4487119,31560000.0,3304.655,269.4949,PowerLaw         ,1.8564483664965067e-11,1.4697003799573775e-09,3.877104823319918e-11
4FGL J1801.2-2450 ,PSR  ,-24.849,3.0932406e-11,3.777582e-09,-0.9321405,5.2929068,6.6858384e-13,2.5325572,0.24037884,0.6666667,0.0058437297,6.755868e-13,1.6858273,5.184545e-13,2.4501646,31560000.0,2466.385,270.3192,PLSuperExpCutoff ,1.0645960782958552e-11,1.299866257987193e-09,1.4461092832373387e-11
4FGL J1801.6-1418 ,psr  ,-14.3152,7.8780515e-12,6.080578e-10,4.191817,14.503741,1.9722884e-12,2.9313834,0.63593656,0.6666667,0.03089551,1.96724e-12,0.8147212,1.1797243e-12,2.7193487,31560000.0,915.0925,270.4144,LogParabola      ,4.4102931256705605e-13,3.4018604053386286e-11,1.640400331482905e-16
4FGL J1802.8-4719 ,psr  ,-47.3182,2.7991745e-12,3.94199e-10,-12.022354,345.58994,3.5894307e-13,2.6565418,0.5799835,0.6666667,0.024144359,3.6802457e-13,0.5837871,2.1940959e-13,2.5047722,31560000.0,1327.807,270.7166,LogParabola      ,1.566069257343942e-13,2.1552734453528532e-11,2.01688802165178e-15
4FGL J1803.1-2148 ,PSR  ,-21.8088,8.9538106e-11,1.2308009e-08,0.19898021,8.146889,1.5240771e-12,2.463845,0.27838358,0.6666667,0.006414469,1.5601109e-12,1.4904299,1.1748222e-12,2.3934913,31560000.0,2911.8525,270.7829,PLSuperExpCutoff ,2.4210863180680383e-11,3.3273956515518435e-09,4.290244343398696e-11
4FGL J1803.2+1402 ,psr  ,14.0361,2.8106844e-12,4.674092e-10,16.915703,40.344883,3.0671033e-13,2.2278876,0.43117785,0.6666667,0.013941915,3.0436276e-13,0.8768354,2.008706e-13,2.3417876,31560000.0,1443.2622,270.8012,LogParabola      ,4.847130119946352e-13,7.915222068454973e-11,1.8085193443210834e-13
4FGL J1805.6+0615 ,PSR  ,6.2556,5.2946913e-12,9.747176e-10,13.007435,33.350323,4.1496957e-13,2.0144136,0.50415564,0.6666667,0.013159122,4.0674715e-13,0.6071678,2.713583e-13,2.2128236,31560000.0,1749.842,271.4247,PLSuperExpCutoff ,7.834765972483237e-13,1.4420723165638642e-10,7.313114432954833e-13
4FGL J1806.2-2126 ,psr  ,-21.4338,5.5742633e-11,7.280584e-09,-0.25252265,8.831172,2.78857e-12,2.585607,0.3187751,0.6666667,0.010400777,2.7943624e-12,1.3780984,1.5060858e-12,2.5343983,31560000.0,1795.6792,271.5671,LogParabola      ,1.1671335056135393e-11,1.5327549458547103e-09,5.099955577798567e-12
4FGL J1807.1+2822 ,psr  ,28.3675,2.7024721e-12,1.6490838e-10,21.528023,54.75751,4.475382e-13,2.6101432,0.20845442,0.6666667,0.0040534465,3.9798574e-13,2.2606723,3.4441116e-13,2.5841908,31560000.0,898.65173,271.7938,PowerLaw         ,1.7119552690555556e-12,1.2445919171900832e-10,9.210213496058767e-13
4FGL J1809.8-2332 ,PSR  ,-23.5395,4.3611662e-10,6.3084194e-08,-1.9970284,7.390931,2.68323e-11,2.2327063,0.34117702,0.6666667,0.0082733175,2.6085132e-11,1.3380382,1.8685288e-11,2.2962701,31560000.0,1732.5396,272.4614,PLSuperExpCutoff ,1.3223822015747234e-10,1.912176413176044e-08,1.5753399824522624e-10
4FGL J1810.5+1744 ,PSR  ,17.747,2.2793902e-11,2.6488154e-09,16.812227,44.643127,4.7056348e-12,2.230693,0.28947204,0.6666667,0.009077367,4.5353e-12,1.587417,3.6444016e-12,2.3655646,31560000.0,944.4153,272.6497,PLSuperExpCutoff ,9.514815975182618e-12,1.1054374274911213e-09,4.081402685402758e-12
4FGL J1811.3-2403 ,PSR  ,-24.055,1.8584356e-11,1.4134107e-09,-2.5426774,7.102195,1.6185187e-13,2.4354756,0.18511698,0.6666667,0.002950047,1.5628227e-13,1.8952982,1.288415e-13,2.394984,31560000.0,3125.5305,272.8324,PowerLaw         ,7.221230234567828e-12,8.104839162020755e-10,2.0563566995759545e-11
4FGL J1811.5-1925 ,psr  ,-19.4275,1.1224927e-11,1.0006619e-09,-0.36158422,11.185311,2.7379652e-14,2.072635,0.5405434,0.6666667,0.0056410916,2.6452466e-14,0.5349154,1.6195663e-14,2.1401007,31560000.0,7319.0034,272.8865,PowerLaw         ,7.111699087579102e-13,9.068555232770466e-11,8.583295687785414e-12
4FGL J1813.4-1246 ,PSR  ,-12.7677,2.511813e-10,2.8099935e-08,2.4424722,17.244055,3.6902544e-11,2.4059436,0.3229184,0.6666667,0.010679457,3.5894468e-11,1.5435199,2.7521142e-11,2.4963207,31560000.0,1104.1165,273.3508,PLSuperExpCutoff ,8.027617640729331e-11,8.976122169090408e-09,1.9355274659558546e-11
4FGL J1814.4+3132 ,psr  ,31.5436,3.79008e-12,7.195647e-10,21.11991,58.541595,2.0765972e-13,2.3710678,0.5106424,0.6666667,0.014477849,2.1229958e-13,0.64793885,1.2773205e-13,2.256298,31560000.0,2075.7932,273.6207,LogParabola      ,3.76785471873668e-13,6.765405441845534e-11,1.9539241325333133e-13
4FGL J1816.5+4510 ,PSR  ,45.173,1.01750925e-11,1.6906105e-09,24.734808,72.82637,1.4425131e-12,1.8526546,0.37985584,0.6666667,0.010709236,1.3955133e-12,0.9719564,1.0532574e-12,2.1424105,31560000.0,1210.8888,274.1489,PLSuperExpCutoff ,3.014520376979585e-12,5.007693986093268e-10,3.2257296055501222e-12
4FGL J1817.1-1742 ,PSR  ,-17.7023,2.6672047e-11,3.8214774e-09,-0.707299,13.337569,8.9709116e-13,2.4212341,0.4108907,0.6666667,0.008624099,8.750322e-13,1.3398306,6.3157286e-13,2.534168,31560000.0,2260.5945,274.292,PLSuperExpCutoff ,6.03932034794366e-12,8.651088404555192e-10,6.18844199698752e-12
4FGL J1823.5-3020 ,PSR  ,-30.3495,1.4076008e-11,2.128295e-09,-7.88724,2.787945,6.8611013e-13,2.150732,0.29515707,0.6666667,0.007234065,6.795178e-13,1.2786224,5.022482e-13,2.2143533,31560000.0,1940.0039,275.8915,PLSuperExpCutoff ,4.5692636829771626e-12,6.907432864449689e-10,9.604711465263995e-12
4FGL J1824.1+1013 ,PSR  ,10.2329,6.6752615e-12,1.0491983e-09,10.653879,39.058674,5.0281556e-13,2.0119076,0.34586233,0.6666667,0.0081641935,4.836999e-13,1.1688248,3.6586934e-13,2.2328525,31560000.0,1619.2744,276.0484,PLSuperExpCutoff ,2.1657046235906803e-12,3.4033516632834133e-10,4.034534712935662e-12
4FGL J1824.6-2452 ,PSR  ,-24.8701,2.1493892e-11,3.043747e-09,-5.6004243,7.808166,2.1440271e-12,2.280066,0.35738516,0.6666667,0.010751918,2.0944477e-12,1.260347,1.5267836e-12,2.379188,31560000.0,1399.096,276.1614,PLSuperExpCutoff ,5.600897960553657e-12,7.92958016361884e-10,2.898182740482341e-12
4FGL J1826.1-1256 ,PSR  ,-12.9415,3.8030973e-10,5.4473677e-08,-0.37663406,18.556347,1.554667e-11,2.4817507,0.43099564,0.6666667,0.010216615,1.534739e-11,1.2693094,1.0568889e-11,2.4364896,31560000.0,2069.772,276.5352,PLSuperExpCutoff ,7.237342511634024e-11,1.0362581079851475e-08,4.574711033761596e-11
4FGL J1827.4-1445 ,PSR  ,-14.7622,2.5555003e-11,5.2995555e-09,-1.5148666,17.097658,1.1227437e-12,2.4285634,0.999994,0.6666667,0.019081352,1.0746572e-12,1.7910324e-07,6.3664915e-13,2.7020001,31560000.0,2533.2673,276.8733,PLSuperExpCutoff ,7.371438274575034e-13,1.5284302392779437e-10,2.754868103632463e-13
4FGL J1827.6-0849 ,PSR  ,-8.8271,2.878954e-11,3.169898e-09,1.2159351,22.36783,6.3681845e-13,2.3895192,0.18531276,0.6666667,0.0034247397,6.216075e-13,1.9088358,5.229398e-13,2.4476516,31560000.0,2349.0679,276.9076,PLSuperExpCutoff ,1.5720093445392774e-11,1.730569454857842e-09,3.456855060918967e-11
4FGL J1828.4-1059 ,PSR  ,-10.9964,5.175429e-11,3.7699928e-09,0.037483405,20.536283,1.275046e-12,2.8401282,0.1689917,0.6666667,0.005130108,1.2803956e-12,2.203459,1.0267171e-12,2.682131,31560000.0,1853.3972,277.1027,PLSuperExpCutoff ,2.3867314687355554e-11,1.7383737324860493e-09,9.161974343663756e-12
4FGL J1831.5-0935 ,PSR  ,-9.5845,4.0516066e-11,3.7129633e-09,0.012460347,22.142796,1.5567101e-20,5.3127646,0.3167547,0.6666667,0.036772452,9.657749e-12,0.34592798,3.641101e-12,2.793924,31560000.0,980.118,277.8821,PLSuperExpCutoff ,1.07630550670488e-12,9.858739433105556e-11,1.4178054330034572e-16
4FGL J1832.4-0847 ,PSR  ,-8.7935,2.0057846e-11,3.795497e-09,0.1861693,22.944252,6.343145e-13,2.2917964,0.68254864,0.6666667,0.01305726,6.2628445e-13,0.47173804,3.9322397e-13,2.499776,31560000.0,2786.2124,278.1013,PLSuperExpCutoff ,1.5118629440837299e-12,2.8604148853451647e-10,1.9282898238986566e-12
4FGL J1833.0-3840 ,psr  ,-38.6702,2.5999758e-12,4.3815826e-10,-13.250003,356.01675,2.5599266e-13,2.2762644,0.5046333,0.6666667,0.014850593,2.4963484e-13,0.77473485,1.5078052e-13,2.3043306,31560000.0,1538.4823,278.2605,PLSuperExpCutoff ,3.593428274705337e-13,6.054399956936772e-11,1.198441652064818e-13
4FGL J1833.5-1033 ,PSR  ,-10.5568,8.197446e-11,8.883778e-09,-0.8741507,21.50818,2.27606e-12,2.5579355,0.2154026,0.6666667,0.005825169,2.2896674e-12,1.8242517,1.8043875e-12,2.5008273,31560000.0,2096.9873,278.3832,PLSuperExpCutoff ,3.156926520932697e-11,3.4205684318803827e-09,2.914605391380613e-11
4FGL J1836.2+5925 ,PSR  ,59.4279,6.197653e-10,1.037873e-07,25.000618,88.878265,1.2980023e-10,1.8838184,0.3943874,0.7331032,0.0066074324,1.2346632e-10,0.9649652,7.9663935e-11,2.054989,31560000.0,1024.4769,279.0556,PLSuperExpCutoff ,2.138413391472431e-10,3.579954298356134e-08,1.012939865980466e-10
4FGL J1837.8-0604 ,PSR  ,-6.0824,4.133494e-11,3.0729324e-09,0.22730096,25.97692,2.5095477e-13,2.4955328,0.13453142,0.6666667,0.0018193132,2.392467e-13,2.1028647,2.0584241e-13,2.417984,31560000.0,3535.5696,279.4726,PowerLaw         ,2.2141190534689874e-11,2.1532047066572805e-09,6.065470667352249e-11
4FGL J1838.9-0537 ,PSR  ,-5.6174,1.1223042e-10,1.6139431e-08,0.19904429,26.51483,1.1461953e-12,2.6210513,0.3421659,0.6666667,0.0070278514,1.1752092e-12,1.3906779,8.096109e-13,2.4074857,31560000.0,3687.6067,279.7459,PLSuperExpCutoff ,2.0972864693781045e-11,3.015434216514502e-09,3.678872883357421e-11
4FGL J1843.7-1114 ,PSR  ,-11.242,2.1786536e-11,2.0653745e-09,-3.4175267,22.0465,3.56455e-12,2.5343246,0.31818673,0.6666667,0.011424077,3.4807205e-12,1.6600829,2.706025e-12,2.6205955,31560000.0,1017.19836,280.937,PLSuperExpCutoff ,6.861699853110256e-12,6.503360406993306e-10,8.323843505893639e-13
4FGL J1844.4-0345 ,PSR  ,-3.7579,4.6334648e-11,8.4355145e-09,-0.16616404,28.79405,1.9187317e-12,2.4750164,0.6542511,0.6666667,0.01475928,1.8997848e-12,0.6010113,1.2107233e-12,2.4969292,31560000.0,2351.1785,281.1182,PLSuperExpCutoff ,3.4087060158352795e-12,6.204523720003207e-10,1.763639997880201e-12
4FGL J1846.3+0919 ,PSR  ,9.3322,3.5666223e-11,6.5683317e-09,5.3541045,40.689625,2.5434537e-12,2.0588133,0.5006983,0.6666667,0.013139128,2.5152014e-12,0.6059813,1.6378934e-12,2.183992,31560000.0,1830.4202,281.5957,PLSuperExpCutoff ,4.994099272084825e-12,9.195558033253235e-10,4.708157258672339e-12
4FGL J1852.2-1309 ,psr  ,-13.1595,4.4435944e-12,8.661523e-10,-6.1454973,21.271141,4.1335362e-13,1.9615566,0.5075073,0.6666667,0.012906703,3.9868271e-13,0.65590805,2.7374563e-13,2.3085825,31560000.0,1643.4594,283.0739,LogParabola      ,7.741604108094824e-13,1.4074826981921632e-10,7.162741006116304e-13
4FGL J1853.3-0005 ,PSR  ,-0.0895,7.406228e-12,1.3613072e-09,-0.47620907,33.075344,1.2123288e-13,2.3236504,0.7273532,0.6666667,0.011387241,1.1841869e-13,0.3118401,7.201934e-14,2.3874667,31560000.0,3974.4263,283.3487,PLSuperExpCutoff ,4.2540123619705386e-13,7.818207327028651e-11,1.2856421152647542e-12
4FGL J1855.9-1435 ,PSR  ,-14.5908,5.3841684e-12,7.769037e-10,-7.5811906,20.377983,2.101077e-13,2.1501868,0.17833233,0.6666667,0.005684979,2.1644843e-13,1.4000648,1.6797937e-13,2.2426336,31560000.0,2050.689,283.9946,PLSuperExpCutoff ,2.151096462333732e-12,3.1033417700172723e-10,6.399784659963779e-12
4FGL J1857.2+0941 ,psr  ,9.695,1.07255906e-11,5.358102e-10,3.1177263,42.23132,8.302278e-13,2.874059,0.2962319,0.6666667,0.010625381,8.2108983e-13,1.9215053,6.1018134e-13,2.7223122,31560000.0,1164.0425,284.3227,PowerLaw         ,2.7384281603429063e-12,1.9800835979321082e-10,2.035325814089203e-13
4FGL J1857.6+0143 ,PSR  ,1.7327,1.3843869e-11,2.8659042e-09,-0.5883023,35.180607,3.8562686e-13,2.5639021,0.99995637,0.6666667,0.017698783,3.7356633e-13,0.0001902147,2.0606792e-13,2.533481,31560000.0,3099.2524,284.409,PLSuperExpCutoff ,3.216501467048752e-13,6.65772539074871e-11,1.9652812303660447e-13
4FGL J1858.3-2216 ,PSR  ,-22.2805,1.1240595e-11,2.2399211e-09,-11.393109,13.582583,9.384155e-13,2.0984695,0.63217294,0.6666667,0.017554779,9.317327e-13,0.21391915,5.531652e-13,2.180132,31560000.0,1793.9574,284.5752,PLSuperExpCutoff ,8.418496002065317e-13,1.6772632199296326e-10,3.5312043634882835e-13
4FGL J1901.4-0126 ,PSR  ,-1.4391,1.9489715e-11,2.6705103e-09,-2.8904533,32.795216,1.6798234e-12,2.1997917,0.31998456,0.6666667,0.008082135,1.6217024e-12,1.4317123,1.2863654e-12,2.4126768,31560000.0,1453.3555,285.3702,PLSuperExpCutoff ,6.910464927001518e-12,9.466806748958578e-10,7.019041292897066e-12
4FGL J1902.0-5105 ,PSR  ,-51.09,2.2682946e-11,2.7549676e-09,-22.37528,345.65936,3.496523e-12,2.2742774,0.28045303,0.6666667,0.009120108,3.411609e-12,1.5364358,2.6119467e-12,2.3127534,31560000.0,1083.445,285.5105,PLSuperExpCutoff ,8.668423610640632e-12,1.052586422311484e-09,4.226311112540044e-12
4FGL J1903.4-7053 ,PSR  ,-70.8886,5.2615286e-12,1.0361711e-09,-26.494732,324.35947,3.2487636e-13,1.9050841,0.611452,0.6666667,0.0143398065,3.179333e-13,0.21496429,1.9760226e-13,2.084156,31560000.0,2070.8464,285.8622,PLSuperExpCutoff ,5.121159050199805e-13,1.0083928067619329e-10,6.755612622117769e-13
4FGL J1906.4+0723 ,PSR  ,7.3982,7.764117e-11,9.874895e-09,0.05500582,41.22225,1.1527807e-12,2.7684176,0.29055378,0.6666667,0.008107383,1.2080383e-12,1.5315723,7.893166e-13,2.459334,31560000.0,2855.796,286.6115,PLSuperExpCutoff ,1.518511268569182e-11,1.9309167800920887e-09,1.166880064245815e-11
4FGL J1907.9+0602 ,PSR  ,6.0351,3.1014102e-10,4.1119872e-08,-0.90093255,40.18229,2.0974155e-11,2.3199944,0.29770255,0.6666667,0.007978669,2.0506073e-11,1.4831043,1.5416415e-11,2.3658538,31560000.0,1596.8462,286.9845,PLSuperExpCutoff ,1.0428566301875602e-10,1.3821354392425035e-08,9.663631918088133e-11
4FGL J1908.9+2103 ,PSR  ,21.0604,4.1211604e-12,6.916439e-10,5.7645583,53.67031,1.804841e-13,2.0867357,0.44739756,0.6666667,0.008986947,1.7262232e-13,0.95713484,1.1496065e-13,2.269921,31560000.0,2223.4524,287.2387,PLSuperExpCutoff ,8.916376196522668e-13,1.4961558256164692e-10,1.911390313591593e-12
4FGL J1913.3+0905 ,PSR  ,9.0918,1.9011164e-11,3.449267e-09,-0.68572813,43.51693,6.188736e-13,2.51218,0.5324891,0.6666667,0.013892182,6.4004515e-13,0.63942325,3.965189e-13,2.445465,31560000.0,2561.1677,288.3458,PLSuperExpCutoff ,1.4114600095018135e-12,2.5603702291558934e-10,9.328465393956896e-13
4FGL J1913.3+1019 ,PSR  ,10.3289,1.8244158e-11,1.5673626e-09,-0.11526439,44.614685,5.636903e-14,2.2598393,0.07200188,0.6666667,0.0006163084,5.4828317e-14,2.0657039,5.1022154e-14,2.2339013,31560000.0,5096.9077,288.3496,PowerLaw         ,1.3328179459796526e-11,1.2941838561131707e-09,7.375937958990112e-11
4FGL J1919.1+2354 ,psr  ,23.9027,2.5153879e-12,5.937658e-10,4.973854,57.287704,2.8813483e-13,2.361145,0.9995975,0.6666667,0.024091253,2.691411e-13,0.00023614404,1.359512e-13,2.338431,31560000.0,1724.951,289.7812,LogParabola      ,9.106042774717448e-14,1.7759138855849467e-11,5.30090864514019e-15
4FGL J1921.1+1930 ,PSR  ,19.5117,3.604324e-12,6.6328665e-10,2.5086732,53.614956,9.123679e-14,2.3453047,0.5780042,0.6666667,0.0114577,9.08428e-14,0.55630004,5.2313842e-14,2.3431716,31560000.0,3060.9355,290.2928,PLSuperExpCutoff ,3.219993211235025e-13,5.924733632125975e-11,6.180851981610653e-13
4FGL J1921.4+0136 ,PSR  ,1.6066,1.1119703e-11,1.5837686e-09,-5.9291487,37.80112,5.5520725e-13,2.2459273,0.29645845,0.6666667,0.0071590645,5.472051e-13,1.40459,4.027279e-13,2.3177803,31560000.0,1870.7087,290.357,PLSuperExpCutoff ,3.750709524005515e-12,5.341030948572261e-10,6.0206800972098566e-12
4FGL J1925.2+1729 ,PSR  ,17.4847,9.492735e-12,1.7664596e-09,0.6923656,52.287094,5.2024455e-13,2.6371365,0.64295936,0.6666667,0.020628337,5.4304163e-13,0.28627878,2.7090702e-13,2.4768732,31560000.0,2051.0977,291.3217,PLSuperExpCutoff ,3.397916734415446e-13,6.321509199366102e-11,3.819995101099364e-14
4FGL J1932.2+2221 ,PSR  ,22.3616,6.450804e-12,4.679688e-10,1.584406,57.354935,1.6838501e-13,2.4105954,0.43025613,0.6666667,0.010346977,1.6668439e-13,1.0954332,1.0125585e-13,2.4414687,31560000.0,2175.23,293.065,PowerLaw         ,7.219548322002322e-13,1.1406596848858259e-10,6.681815294582428e-13
4FGL J1932.3+1916 ,PSR  ,19.2685,6.252627e-11,8.284193e-09,0.08353669,54.64999,4.1862117e-12,2.5842886,0.4271163,0.6666667,0.01328696,4.203983e-12,1.2182529,2.8566296e-12,2.4797125,31560000.0,1629.514,293.0761,PLSuperExpCutoff ,9.93258607776703e-12,1.3156383929612932e-09,1.985299199701714e-12
4FGL J1935.2+2029 ,PSR  ,20.4908,2.5301733e-11,2.5529234e-09,0.065383896,56.05722,1.8890603e-12,2.8368556,0.37994206,0.6666667,0.015457708,1.949119e-12,1.3891244,1.2358848e-12,2.6168418,31560000.0,1410.6537,293.8179,PLSuperExpCutoff ,3.6209755816042157e-12,3.652488578562933e-10,1.7268294368983623e-13
4FGL J1939.6+2135 ,PSR  ,21.5918,1.5612723e-11,2.2632358e-09,-0.29455826,57.521698,7.847242e-13,2.5816045,0.41274926,0.6666667,0.01234788,7.967755e-13,1.1479492,4.809785e-13,2.4834495,31560000.0,1892.0155,294.9221,PLSuperExpCutoff ,2.3615820420623624e-12,3.4225431100416144e-10,8.457134003276963e-13
4FGL J1946.5-5402 ,PSR  ,-54.0496,8.925149e-12,1.7392562e-09,-29.572353,343.89774,1.093295e-12,2.2761972,0.58650243,0.6666667,0.024137042,1.1671569e-12,0.0004365856,6.694688e-13,2.2415025,31560000.0,1472.3806,296.6322,PLSuperExpCutoff ,3.9262572336175307e-13,7.64926165929069e-11,2.2449987481983055e-14
4FGL J1952.9+3252 ,PSR  ,32.883,1.5068194e-10,2.0124837e-08,2.822558,68.77147,2.0141873e-11,2.1724648,0.27828667,0.6666667,0.008324859,1.9413556e-11,1.457262,1.4909358e-11,2.2813923,31560000.0,1176.222,298.2473,PLSuperExpCutoff ,5.960213499164255e-11,7.958631160011949e-09,5.1020570974883794e-11
4FGL J1954.3+2836 ,PSR  ,28.6026,1.0800408e-10,1.4950437e-08,0.37318152,65.247505,8.462446e-12,2.1931753,0.3240313,0.6666667,0.00787611,8.17178e-12,1.4251106,6.2541443e-12,2.318422,31560000.0,1521.4346,298.5854,PLSuperExpCutoff ,3.810845026756711e-11,5.2740449988634034e-09,4.297014271349878e-11
4FGL J1957.6+5033 ,PSR  ,50.5598,2.5389696e-11,3.3865493e-09,11.019008,84.5863,1.1681664e-11,2.0901203,0.67676616,0.6666667,0.028491035,1.12852765e-11,0.3839761,7.5236085e-12,2.4119449,31560000.0,775.4432,299.4058,PLSuperExpCutoff ,2.2926858740465706e-12,3.0568370014068994e-10,8.650928864298075e-15
4FGL J1958.7+2846 ,PSR  ,28.7704,1.0529767e-10,1.5464114e-08,-0.3570589,65.888145,1.0836317e-11,2.2136238,0.39741933,0.6666667,0.010976442,1.0481612e-11,1.19562,7.6140465e-12,2.3401957,31560000.0,1403.1808,299.6761,PLSuperExpCutoff ,2.6607443387524636e-11,3.906699797836975e-09,1.4846849094450393e-11
4FGL J1959.5+2048 ,PSR  ,20.8085,1.6065128e-11,2.3291125e-09,-4.691877,59.198574,1.9891612e-12,2.3261347,0.4394736,0.6666667,0.0141396215,1.9514013e-12,1.0562149,1.3300873e-12,2.3799093,31560000.0,1308.1543,299.899,PLSuperExpCutoff ,2.961033279926794e-12,4.2917835985252667e-10,6.44296399784492e-13
4FGL J2006.2+3102 ,PSR  ,31.0446,1.0817807e-11,1.705328e-09,-0.5386672,68.685074,3.9170067e-13,2.459314,0.4180368,0.6666667,0.010464533,3.9514675e-13,1.09581,2.5425687e-13,2.4195828,31560000.0,2276.2476,301.5661,PLSuperExpCutoff ,1.7692410534335987e-12,2.7884589701547606e-10,1.5604804031132882e-12
4FGL J2006.4+0147 ,PSR  ,1.798,2.9787366e-12,4.874973e-10,-15.774228,43.38119,9.077719e-14,1.9502554,0.41744748,0.6666667,0.007441174,8.706215e-14,0.8720093,5.759751e-14,2.0700715,31560000.0,2658.006,301.6243,PLSuperExpCutoff ,7.144695679682025e-13,1.1691285777431165e-10,3.1581587980206994e-12
4FGL J2017.4+0602 ,PSR  ,6.0492,3.5687286e-11,6.198694e-09,-16.033682,48.62242,2.4449013e-12,1.6800828,0.41045475,0.6666667,0.009177879,2.3503903e-12,0.70153236,1.6588471e-12,1.9654001,31560000.0,1741.2526,304.3518,PLSuperExpCutoff ,9.455107158447081e-12,1.6420704856234306e-09,3.09502504334929e-11
4FGL J2017.7-1612 ,PSR  ,-16.2039,6.2030316e-12,9.1056385e-10,-26.206387,27.348438,4.338315e-13,2.1116686,0.27072668,0.6666667,0.007280371,4.2822468e-13,1.3434407,3.3137065e-13,2.2244859,31560000.0,1608.3691,304.4414,PLSuperExpCutoff ,2.283624147019176e-12,3.351552246630566e-10,4.046079501338078e-12
4FGL J2017.9+3625 ,PSR  ,36.4277,7.045621e-11,1.0303195e-08,0.3891133,74.51801,4.4714185e-12,2.583178,0.53440833,0.6666667,0.015094889,4.44947e-12,0.9943302,2.9546803e-12,2.5100777,31560000.0,1749.2401,304.4909,PLSuperExpCutoff ,7.875051018886174e-12,1.151307793167671e-09,1.3627722542523422e-12
4FGL J2021.1+3651 ,PSR  ,36.8561,5.251077e-10,7.234042e-08,0.10907894,75.229065,5.145224e-11,2.2355213,0.33605638,0.6666667,0.009244103,4.9856026e-11,1.3714532,3.59218e-11,2.3220265,31560000.0,1384.9088,305.2796,PLSuperExpCutoff ,1.6653511679275423e-10,2.293362902062844e-08,1.211356972874066e-10
4FGL J2021.5+4026 ,PSR  ,40.4445,8.3800966e-10,1.125591e-07,2.0817847,78.2284,2.4599581e-11,2.7384136,0.3919368,0.6666667,0.0122082895,2.6394716e-11,1.2576019,1.438695e-11,2.356827,31560000.0,2208.0344,305.3851,PLSuperExpCutoff ,1.0574948622198909e-10,1.4197811105509536e-08,2.988887848833861e-11
4FGL J2022.3+3840 ,PSR  ,38.6711,2.3993977e-11,2.1121185e-09,0.94499964,76.858116,2.819492e-12,2.8200252,0.4081556,0.6666667,0.0150621515,2.7749608e-12,1.5314828,1.8599055e-12,2.7213647,31560000.0,1158.839,305.5845,PLSuperExpCutoff ,4.554799362819524e-12,4.0083666230830684e-10,1.652136729029305e-13
4FGL J2028.3+3331 ,PSR  ,33.5315,5.624753e-11,1.0419145e-08,-3.011056,73.35943,4.9338e-12,2.2690504,0.6458248,0.6666667,0.017807003,4.859277e-12,0.43138137,2.9962432e-12,2.3163366,31560000.0,1705.2748,307.0848,PLSuperExpCutoff ,4.429197599376379e-12,8.202731339552432e-10,1.0500068047021597e-12
4FGL J2030.0+3641 ,PSR  ,36.6872,4.0703194e-11,7.7875715e-09,-1.4454825,76.123405,3.4902608e-12,2.038072,0.6205021,0.6666667,0.015738625,3.3984755e-12,0.4148602,2.260486e-12,2.3211513,31560000.0,1736.8837,307.5086,PLSuperExpCutoff ,4.18837208510561e-12,8.011963654059048e-10,2.2489429956892064e-12
4FGL J2030.9+4416 ,PSR  ,44.2669,4.2935617e-11,7.3487456e-09,2.8823957,82.350204,4.522496e-12,2.4188273,0.661752,0.6666667,0.020610541,4.494839e-12,0.45494273,2.77344e-12,2.4700682,31560000.0,1532.162,307.7256,PLSuperExpCutoff ,2.7749413676201336e-12,4.748226721070234e-10,2.0886201235177726e-13
4FGL J2032.2+4127 ,PSR  ,41.459,1.43277e-10,2.3086146e-08,1.0241405,80.22936,5.726758e-12,1.982209,0.38697597,0.6666667,0.0074000745,5.533851e-12,1.0625836,4.2349063e-12,2.230644,31560000.0,2248.0557,308.0631,PLSuperExpCutoff ,4.024540769876846e-11,6.4836494986410724e-09,1.262123855629215e-10
4FGL J2039.5-5617 ,PSR  ,-56.2836,1.5128235e-11,2.1834763e-09,-37.146523,341.26794,2.2080796e-12,1.9435208,0.23693632,0.6666667,0.006854038,2.143575e-12,1.3881105,1.7857285e-12,2.1657572,31560000.0,1098.1847,309.8974,PLSuperExpCutoff ,7.294601270481774e-12,1.0526337516803015e-09,1.383545004373821e-11
4FGL J2042.2+0245 ,PSR  ,2.7581,5.9344973e-12,8.387892e-10,-23.035568,48.989697,1.2919462e-12,2.433956,0.64311206,0.6666667,0.027004784,1.3036624e-12,0.39221585,7.7881804e-13,2.393204,31560000.0,1079.6383,310.5609,PLSuperExpCutoff ,3.4608254152195724e-13,4.8897492976032216e-11,2.3480043752830574e-15
4FGL J2043.3+1711 ,PSR  ,17.1861,2.8438371e-11,4.486979e-09,-15.316712,61.914936,3.6918073e-12,1.874928,0.30059326,0.6666667,0.00835045,3.5511479e-12,1.1562936,2.747296e-12,2.0908978,31560000.0,1212.2952,310.838,PLSuperExpCutoff ,1.1006383273223791e-11,1.7362482911895299e-09,1.9595189493737025e-11
4FGL J2043.7+2741 ,PSR  ,27.6936,8.849974e-12,1.2184936e-09,-9.1453085,70.62229,1.7605639e-12,2.3872898,0.5339398,0.6666667,0.021076277,1.7540333e-12,0.7517697,1.1141193e-12,2.4435744,31332582.0,1085.0801,310.9331,PLSuperExpCutoff ,9.560267226677467e-13,1.3158638613532442e-10,2.7279201409774624e-14
4FGL J2045.9-6835 ,psr  ,-68.5951,2.106907e-12,4.7598e-10,-35.461548,326.09143,2.0967723e-13,1.7647438,0.7798654,0.6666667,0.017457865,1.992692e-13,0.006076256,1.2506428e-13,2.189508,31560000.0,1752.262,311.488,LogParabola      ,1.7879520598630588e-13,3.693605053160607e-11,1.1756228161756065e-13
4FGL J2047.3+1051 ,PSR  ,10.8606,3.8006937e-12,5.967676e-10,-19.729216,57.05233,1.8803844e-13,1.7003452,0.38761714,0.6666667,0.006410723,1.7792969e-13,1.0343239,1.4346227e-13,2.1187413,31560000.0,1964.4554,311.8404,PLSuperExpCutoff ,1.3906411113265977e-12,2.1831915973105358e-10,6.603235252645607e-12
4FGL J2051.0-0826 ,PSR  ,-8.4344,2.7941393e-12,5.647116e-10,-30.38715,39.211792,1.7340548e-13,2.0542164,0.6460155,0.6666667,0.016051684,1.7096166e-13,0.12385967,1.00449366e-13,2.1036947,31560000.0,2104.7527,312.7676,PLSuperExpCutoff ,2.001649408895493e-13,4.044878559725421e-11,1.7229940514364943e-13
4FGL J2052.7+1218 ,PSR  ,12.3162,5.682721e-12,4.437215e-10,-19.991049,59.127052,5.0530495e-13,2.277648,0.15046899,0.6666667,0.0042245486,4.9211996e-13,1.8987539,4.2301484e-13,2.3666391,31560000.0,1165.1091,313.1937,PowerLaw         ,2.9146782510525494e-12,3.154269272239033e-10,4.5387892823428745e-12
4FGL J2055.8+2540 ,PSR  ,25.674,5.2666316e-11,9.214233e-09,-12.519716,70.697464,1.6276834e-11,1.8400614,0.5873356,0.6666667,0.021476727,1.556079e-11,0.3688628,1.0125281e-11,2.1698961,31560000.0,919.8454,313.9601,PLSuperExpCutoff ,6.908810160296481e-12,1.2084029598793253e-09,4.57739064753093e-13
4FGL J2111.4+4606 ,PSR  ,46.1048,4.7698845e-11,6.6589045e-09,-1.4542791,88.31334,3.414495e-12,2.1421788,0.26075324,0.6666667,0.00662753,3.3327965e-12,1.4569231,2.6373122e-12,2.2542143,31560000.0,1561.4558,317.863,PLSuperExpCutoff ,1.955105102503721e-11,2.7288475480925134e-09,3.4433375983113187e-11
4FGL J2115.1+5449 ,PSR  ,54.8206,7.099793e-12,1.3894065e-09,4.1203556,95.04308,1.75227e-13,2.2905984,0.7960769,0.6666667,0.014151528,1.7243966e-13,0.004710401,9.62756e-14,2.2421114,31560000.0,3387.2185,318.7845,PLSuperExpCutoff ,2.9182774855337187e-13,5.71036629570153e-11,5.905779977815121e-13
4FGL J2124.7-3358 ,PSR  ,-33.9786,3.861061e-11,7.514938e-09,-45.44508,10.92684,7.1458403e-12,1.5898899,0.5311933,0.6666667,0.015956538,6.786922e-12,0.34408352,4.5543625e-12,2.0091975,31560000.0,1124.742,321.1919,PLSuperExpCutoff ,6.8751960152973295e-12,1.3379122108872305e-09,3.953137622393713e-12
4FGL J2129.8-0428 ,PSR  ,-4.4815,6.675917e-12,1.1509046e-09,-36.960136,48.932602,1.0598658e-12,1.8113908,0.45789653,0.6666667,0.012284612,1.0001087e-12,0.8304878,7.4023665e-13,2.1690967,31560000.0,1186.1351,322.4649,PLSuperExpCutoff ,1.6855910441537591e-12,2.905320577046735e-10,1.3471069167315217e-12
4FGL J2140.0+4716 ,PSR  ,47.2686,2.669978e-11,4.190425e-09,-4.0291004,92.640755,5.1953593e-12,2.3110416,0.64762425,0.6666667,0.023538612,5.1299377e-12,0.43747,3.1461867e-12,2.3949454,31560000.0,1153.1647,325.0009,PLSuperExpCutoff ,2.006398530393789e-12,3.1479548898021334e-10,4.914774604816266e-14
4FGL J2205.5+6016 ,PSR  ,60.2694,3.1690085e-12,2.6178976e-10,3.7383177,103.72043,6.727133e-14,2.3427792,0.999736,0.6666667,0.01753519,6.0581206e-14,0.026565699,3.526325e-14,2.2966132,31560000.0,2683.115,331.3984,PowerLaw         ,5.4259559866740596e-14,1.1186551395217885e-11,3.3381189326199405e-14
4FGL J2208.1+4058 ,PSR  ,40.9744,4.546686e-12,2.0310233e-10,-12.093593,92.61841,2.5337675e-12,2.905003,0.7769107,0.6666667,0.04642927,2.5437434e-12,0.4770263,1.5698504e-12,2.869473,31560000.0,650.88446,332.0399,PLSuperExpCutoff ,1.3911257600852875e-13,6.212642565628345e-12,1.8296134104129095e-19
4FGL J2214.6+3000 ,PSR  ,30.0061,3.2092426e-11,5.924545e-09,-21.672745,86.85806,6.1737876e-12,1.6836377,0.49105525,0.6666667,0.014709638,5.8749693e-12,0.5622394,4.1739962e-12,2.06098,31560000.0,1091.9216,333.6695,PLSuperExpCutoff ,6.74615643360634e-12,1.2451596686711778e-09,3.875150517711165e-12
4FGL J2215.6+5135 ,PSR  ,51.5876,1.6978932e-11,2.4668831e-09,-4.1691537,99.87238,1.2645265e-12,2.073988,0.29328483,0.6666667,0.0068773353,1.2173176e-12,1.3741373,9.43577e-13,2.2242117,31560000.0,1564.5143,333.9018,PLSuperExpCutoff ,6.721189851181067e-12,9.763380244820556e-10,1.3056894950278558e-11
4FGL J2229.0+6114 ,PSR  ,61.2364,2.489917e-10,3.0598873e-08,2.9486632,106.648445,3.6978892e-11,2.1758063,0.21801028,0.6666667,0.006320276,3.539169e-11,1.6572615,2.8984341e-11,2.2991786,31560000.0,1074.4298,337.2737,PLSuperExpCutoff ,1.2832165555306013e-10,1.576338495156082e-08,1.5263898801656733e-10
4FGL J2234.7+0943 ,PSR  ,9.732,9.88642e-12,1.6666813e-09,-40.44269,76.26742,7.8513823e-13,2.022331,0.41002926,0.6666667,0.0104008345,7.636085e-13,0.94079024,5.474196e-13,2.191879,31560000.0,1646.5607,338.6906,PLSuperExpCutoff ,2.318708815219172e-12,3.908211159590914e-10,3.0002863286337614e-12
4FGL J2238.5+5903 ,PSR  ,59.0563,6.515362e-11,8.189193e-09,0.47540694,106.56408,6.1406887e-12,2.37122,0.30685306,0.6666667,0.009419733,6.0337247e-12,1.4814128,4.4905e-12,2.3950005,31560000.0,1364.7501,339.6277,PLSuperExpCutoff ,2.044857966663552e-11,2.569600408596321e-09,1.0223911042610394e-11
4FGL J2240.6+5833 ,PSR  ,58.5519,9.349176e-12,1.3639878e-09,-0.10114801,106.56419,3.5934932e-13,2.4186754,0.32216054,0.6666667,0.00913612,3.6478706e-13,1.2888829,2.6505225e-13,2.4163122,31560000.0,2118.1506,340.1669,PLSuperExpCutoff ,2.07215901829907e-12,3.0225063131435156e-10,1.9525423929596253e-12
4FGL J2241.7-5236 ,PSR  ,-52.6084,2.5370709e-11,4.682747e-09,-54.934147,337.4522,1.6743472e-12,2.1035187,0.5202368,0.6666667,0.01393279,1.7197966e-12,0.5840547,1.0772315e-12,2.058222,31560000.0,1879.5225,340.438,PLSuperExpCutoff ,3.0397314538830508e-12,5.609485099388436e-10,2.2314602633889478e-12
4FGL J2256.8-1024 ,PSR  ,-10.4076,8.005699e-12,1.1922383e-09,-58.27645,59.21305,1.6613015e-12,1.9616528,0.31686777,0.6666667,0.010317933,1.6040582e-12,1.2037978,1.2709997e-12,2.2149303,31560000.0,981.2387,344.2162,PLSuperExpCutoff ,2.8905530925938378e-12,4.303766971734224e-10,2.0727781108942842e-12
4FGL J2302.7+4443 ,PSR  ,44.7182,3.8175876e-11,6.8241093e-09,-13.992452,103.39782,4.815139e-12,1.6811761,0.4153296,0.6666667,0.011000074,4.5777015e-12,0.7236172,3.2968702e-12,2.0163043,31560000.0,1292.0865,345.6918,PLSuperExpCutoff ,1.0354215414528045e-11,1.8505553965755358e-09,1.6915402115869328e-11
4FGL J2310.0-0555 ,PSR  ,-5.9251,5.4020373e-12,1.0399073e-09,-57.90006,69.69335,9.483201e-13,1.7109199,0.62125164,0.6666667,0.017160358,8.9433566e-13,0.35049185,5.958311e-13,2.1413984,31560000.0,1207.3015,347.5183,PLSuperExpCutoff ,7.720016199392778e-13,1.4858358058907165e-10,2.8014270244060124e-13
4FGL J2317.3+1433 ,PSR  ,14.5651,1.0495709e-12,2.0615538e-10,-42.46383,91.353004,1.1151835e-13,2.3213565,0.9999495,0.6666667,0.023757275,1.0143754e-13,3.0442223e-07,5.147831e-14,2.299469,31560000.0,1695.6204,349.3349,PLSuperExpCutoff ,3.580504230191927e-14,7.031103023286667e-12,2.3680566628088228e-15
4FGL J2339.6-0533 ,PSR  ,-5.5511,2.9160667e-11,4.702051e-09,-62.475372,81.348,4.541531e-12,1.6822968,0.29084238,0.6666667,0.007836206,4.3220657e-12,1.085933,3.4833384e-12,1.9958969,31560000.0,1063.0748,354.9106,PLSuperExpCutoff ,1.2893424852700593e-11,2.0786570472653043e-09,3.2685792402392336e-11
